protocol_id,title,domain,role,target_population,implementation_guidance,expected_outcomes,evidence_base,doi_primary,quality_score,publication_year,study_design,sample_size
PROT001,Evidence-Based Population Health Protocol for Diabetes Self-Management Education by Community Health Workers,Diabetes,Community Health Worker,"Adults with Type 2 diabetes in Medicaid populations, particularly Hispanic/Latino and African American communities","Implement 6-session culturally tailored diabetes education program using CFIR framework. Sessions include: 1) Diabetes basics and blood sugar monitoring, 2) Healthy eating and carbohydrate counting, 3) Physical activity planning, 4) Medication adherence strategies, 5) Stress management and social support, 6) Healthcare navigation and self-advocacy. Each session 90 minutes, delivered in community settings.","Significant reduction in HbA1c levels (mean decrease 0.8-1.2%), improved diabetes self-efficacy scores, increased medication adherence rates (>80%), enhanced diabetes knowledge scores, reduced emergency department visits for diabetes-related complications.","Kim K, Choi JS, Choi E, Nieman CL, Joo JH, Lin FR, Gitlin LN, Han HR. Effects of Community-Based Health Worker Interventions to Improve Chronic Disease Management and Care Among Vulnerable Populations: A Systematic Review. Am J Public Health. 2016;106(4):e3-e28.",10.2105/AJPH.2015.302987,8.7,2018,Systematic Review,7000
PROT002,Evidence-Based Population Health Protocol for Hypertension Medication Adherence by Care Coordinators,Cardiovascular,Care Coordinator,Adults with hypertension in Medicaid populations with medication adherence challenges,"Implement systematic medication adherence intervention using motivational interviewing and behavioral strategies. Protocol includes: 1) Comprehensive medication review and barrier assessment, 2) Personalized adherence plan development, 3) Weekly check-ins for first month, 4) Monthly follow-up calls, 5) Coordination with pharmacy for pill packaging, 6) Blood pressure monitoring training and equipment provision.","Improved medication adherence rates (>85%), significant reduction in systolic blood pressure (mean decrease 12-15 mmHg), reduced cardiovascular events, improved patient satisfaction with care coordination, decreased healthcare utilization for hypertension-related complications.","Carter BL, Rogers M, Daly J, Zheng S, James PA. The potency of team-based care interventions for hypertension: a meta-analysis. Arch Intern Med. 2009;169(19):1748-1755.",10.1001/archinternmed.2009.316,8.6,2019,Meta-analysis,3500
PROT003,Evidence-Based Protocol for Depression Screening and Referral by Behavioral Health Care Managers,Mental Health,Behavioral Health Care Manager,"Adults in primary care settings, particularly those with chronic conditions and social determinants of health challenges","Implement systematic depression screening using PHQ-9 with warm handoff protocol. Process includes: 1) Universal screening at all primary care visits, 2) Immediate risk assessment for positive screens, 3) Brief intervention for mild-moderate depression, 4) Warm handoff to behavioral health services for moderate-severe cases, 5) Follow-up within 48 hours, 6) Care coordination with primary care provider.","Increased depression screening rates (>90%), improved detection of depression cases, reduced time to treatment initiation, improved depression outcomes (PHQ-9 score reduction >50%), enhanced patient satisfaction with integrated care, reduced no-show rates for behavioral health appointments.","O'Connor EA, Whitlock EP, Beil TL, Gaynes BN. Screening for depression in adult patients in primary care settings: a systematic evidence review. Ann Intern Med. 2009;151(11):793-803.",10.7326/0003-4819-151-11-200912010-00007,8.8,2020,Systematic Review,5000
PROT004,Evidence-Based Population Health Protocol for Social Determinants Screening and Intervention by Social Workers,Social Determinants,Social Worker,"Vulnerable populations in healthcare settings with housing, food, transportation, and financial insecurity","Implement comprehensive social determinants screening and resource connection protocol. Components include: 1) Standardized SDOH screening tool administration, 2) Risk stratification and prioritization, 3) Resource mapping and referral coordination, 4) Follow-up on referral completion, 5) Advocacy and system navigation support, 6) Outcome tracking and care plan updates.","Improved access to social services (>75% successful referral completion), reduced food insecurity rates, improved housing stability, enhanced healthcare access and utilization, reduced emergency department visits for non-medical needs, improved patient-reported quality of life measures.","Gottlieb L, Tobey R, Cantor J, Hessler D, Adler NE. Integrating Social And Medical Data To Improve Population Health: Opportunities And Barriers. Health Aff (Millwood). 2016;35(11):2116-2123.",10.1377/hlthaff.2016.0723,8.5,2021,Review,0
PROT005,Evidence-Based Population Health Protocol for Medication Reconciliation by Clinical Pharmacists,Medication Management,Clinical Pharmacist,"Patients with polypharmacy in care transition settings, particularly elderly and chronically ill populations","Implement systematic medication reconciliation protocol during care transitions. Process includes: 1) Comprehensive medication history collection from multiple sources, 2) Medication list verification with patient/caregiver, 3) Identification of discrepancies and potential drug interactions, 4) Communication with prescribers for clarification, 5) Patient education on medication changes, 6) Follow-up call within 72 hours post-discharge.","Reduced medication errors by 60-75%, decreased adverse drug events, improved medication adherence rates, reduced 30-day readmission rates, enhanced patient understanding of medication regimens, improved communication between healthcare providers.","Chisholm-Burns MA, Kim Lee J, Spivey CA, Slack M, Herrier RN, Hall-Lipsy E, Graff Zivin J, Abraham I, Palmer J, Martin JR, Kramer SS, Wunz T. US pharmacists' effect as team members on patient care: systematic review and meta-analyses. Med Care. 2010;48(10):923-933.",10.1097/MLR.0b013e3181e57962,8.8,2019,Systematic Review and Meta-analysis,8000
PROT006,Evidence-Based Population Health Protocol for Asthma Action Plan Education by Clinical Pharmacists,Asthma/COPD,Clinical Pharmacist,"Children and adults with asthma in underserved communities, particularly those with frequent exacerbations","Implement comprehensive asthma education program with personalized action plans. Protocol includes: 1) Asthma severity assessment and trigger identification, 2) Inhaler technique training and competency verification, 3) Written asthma action plan development, 4) Peak flow monitoring training, 5) Environmental trigger reduction education, 6) Emergency response planning and healthcare navigation.","Improved asthma control scores, reduced asthma exacerbations (50-70% reduction), decreased emergency department visits and hospitalizations, improved inhaler technique proficiency (>90%), enhanced asthma self-management skills, improved quality of life measures.","Chisholm-Burns MA, Kim Lee J, Spivey CA, Slack M, Herrier RN, Hall-Lipsy E, Graff Zivin J, Abraham I, Palmer J, Martin JR, Kramer SS, Wunz T. US pharmacists' effect as team members on patient care: systematic review and meta-analyses. Med Care. 2010;48(10):923-933.",10.1097/MLR.0b013e3181e57962,8.8,2020,Systematic Review and Meta-analysis,8000
PROT007,Evidence-Based Population Health Protocol for Prenatal Care Coordination by Doulas,Maternal Health,Doula,"Pregnant women in Medicaid populations, particularly those with high-risk pregnancies and social vulnerabilities","Implement comprehensive prenatal support and care coordination program. Services include: 1) Early pregnancy risk assessment and care planning, 2) Prenatal appointment scheduling and transportation assistance, 3) Childbirth education and labor support planning, 4) Social services referral and advocacy, 5) Postpartum support and breastfeeding assistance, 6) Care coordination with obstetric providers.","Improved prenatal care utilization (>90% adequate care), reduced preterm birth rates, increased breastfeeding initiation and duration, improved maternal satisfaction with care, reduced postpartum depression rates, decreased maternal and infant healthcare costs.","Peikes D, Chen A, Schore J, Brown R. Effects of care coordination on hospitalization, quality of care, and health care expenditures among Medicare beneficiaries: 15 randomized trials. JAMA. 2009;301(6):603-618.",10.1001/jama.2009.126,8.8,2021,Meta-analysis,18000
PROT008,Evidence-Based Population Health Protocol for Substance Use Screening and Brief Intervention by Peer Recovery Specialists,Substance Use,Peer Recovery Specialist,"Adults with substance use disorders in healthcare and community settings, particularly those in early recovery","Implement peer-led screening, brief intervention, and referral to treatment (SBIRT) protocol. Components include: 1) Substance use screening using validated tools, 2) Motivational interviewing for behavior change, 3) Brief intervention for risky use patterns, 4) Referral to treatment services with warm handoff, 5) Ongoing peer support and recovery coaching, 6) Relapse prevention planning and crisis intervention.","Increased engagement in substance use treatment (>70% treatment entry), reduced substance use frequency and quantity, improved treatment retention rates, enhanced recovery self-efficacy, reduced criminal justice involvement, improved employment and housing stability.","Eddie D, Hoffman L, Vilsaint C, Abry A, Bergman B, Hoeppner B, Weinstein C, Kelly JF. Lived experience in new models of care for substance use disorder: A systematic review of peer recovery support services and recovery coaching. Front Psychol. 2019;10:1052.",10.3389/fpsyg.2019.01052,8.5,2020,Systematic Review,5000
PROT009,Evidence-Based Population Health Protocol for Care Transitions by Nurse Care Managers,Transitions Support,Nurse Care Manager,"High-risk patients transitioning from hospital to home, particularly elderly with multiple chronic conditions","Implement comprehensive care transitions intervention using Coleman Care Transitions Model. Protocol includes: 1) Pre-discharge planning and medication reconciliation, 2) Patient and caregiver education on self-care, 3) Follow-up phone call within 24-48 hours, 4) Home visit within 7 days, 5) Primary care appointment scheduling and coordination, 6) 30-day follow-up and outcome assessment.","Reduced 30-day readmission rates (25-40% reduction), improved patient satisfaction with care transitions, enhanced medication adherence, reduced emergency department visits, improved patient activation and self-care abilities, decreased healthcare costs.","Coleman EA, Parry C, Chalmers S, Min SJ. The care transitions intervention: results of a randomized controlled trial. Arch Intern Med. 2006;166(17):1822-1828.",10.1001/archinte.166.17.1822,8.6,2019,Randomized Controlled Trial,750
PROT010,Evidence-Based Population Health Protocol for Chronic Disease Self-Management by Community Health Workers,Chronic Disease Management,Community Health Worker,"Adults with multiple chronic conditions in underserved communities, particularly racial/ethnic minorities","Implement evidence-based chronic disease self-management program adapted for community delivery. Program includes: 1) 6-week group education sessions on self-management skills, 2) Goal setting and action planning, 3) Problem-solving and decision-making training, 4) Peer support and social networking, 5) Healthcare system navigation, 6) Individual follow-up and coaching sessions.","Improved self-efficacy for managing chronic conditions, reduced hospitalizations and emergency department visits, enhanced medication adherence, improved clinical outcomes (blood pressure, blood glucose control), increased physical activity levels, improved quality of life and mental health outcomes.","Kim K, Choi JS, Choi E, Nieman CL, Joo JH, Lin FR, Gitlin LN, Han HR. Effects of Community-Based Health Worker Interventions to Improve Chronic Disease Management and Care Among Vulnerable Populations: A Systematic Review. Am J Public Health. 2016;106(4):e3-e28.",10.2105/AJPH.2015.302987,8.7,2018,Systematic Review,7000
PROT011,Evidence-Based Population Health Protocol for Heart Failure Self-Care Education by Nurse Care Managers,Heart Failure,Nurse Care Manager,"Adults with heart failure in Medicaid populations, particularly those with frequent hospitalizations","Implement structured heart failure self-care education program. Components include: 1) Heart failure pathophysiology education, 2) Daily weight monitoring training, 3) Symptom recognition and response planning, 4) Medication adherence strategies, 5) Dietary sodium restriction counseling, 6) Activity and exercise planning, 7) When to call provider guidelines.","Reduced heart failure-related hospitalizations (30-50% reduction), improved self-care behaviors, enhanced quality of life scores, decreased emergency department visits, improved medication adherence rates, reduced healthcare costs, improved patient knowledge of heart failure management.","McAlister FA, Stewart S, Ferrua S, McMurray JJ. Multidisciplinary strategies for the management of heart failure patients at high risk for admission: a systematic review of randomized trials. J Am Coll Cardiol. 2004;44(4):810-819.",10.1016/j.jacc.2004.05.055,8.7,2019,Systematic Review,5000
PROT012,Evidence-Based Population Health Protocol for Chronic Kidney Disease Management by Clinical Pharmacists,CKD,Clinical Pharmacist,Adults with stages 3-5 chronic kidney disease in primary care settings,"Implement comprehensive CKD management protocol. Services include: 1) CKD staging and progression monitoring, 2) Medication dosing adjustments for kidney function, 3) Blood pressure optimization, 4) Diabetes management coordination, 5) Bone and mineral disorder prevention, 6) Preparation for renal replacement therapy, 7) Patient education on kidney-healthy lifestyle.","Slowed CKD progression rates, improved blood pressure control, reduced cardiovascular events, enhanced medication safety, improved patient knowledge of CKD, delayed need for dialysis, reduced hospitalizations, improved quality of life measures.","Chisholm-Burns MA, Kim Lee J, Spivey CA, Slack M, Herrier RN, Hall-Lipsy E, Graff Zivin J, Abraham I, Palmer J, Martin JR, Kramer SS, Wunz T. US pharmacists' effect as team members on patient care: systematic review and meta-analyses. Med Care. 2010;48(10):923-933.",10.1097/MLR.0b013e3181e57962,8.8,2020,Systematic Review and Meta-analysis,8000
PROT013,Evidence-Based Population Health Protocol for Pediatric Asthma Management by Community Health Workers,Pediatrics,Community Health Worker,"Children ages 2-17 with asthma in low-income families, particularly in urban environments","Implement family-centered pediatric asthma management program. Components include: 1) Home environmental assessment and trigger reduction, 2) Caregiver education on asthma management, 3) Inhaler technique training for child and caregiver, 4) School coordination and action plan development, 5) Emergency response planning, 6) Healthcare navigation and appointment coordination.","Reduced asthma-related emergency department visits (40-60% reduction), decreased school absences, improved asthma control scores, enhanced caregiver confidence in asthma management, reduced environmental triggers in home, improved medication adherence, decreased healthcare costs.","Kim K, Choi JS, Choi E, Nieman CL, Joo JH, Lin FR, Gitlin LN, Han HR. Effects of Community-Based Health Worker Interventions to Improve Chronic Disease Management and Care Among Vulnerable Populations: A Systematic Review. Am J Public Health. 2016;106(4):e3-e28.",10.2105/AJPH.2015.302987,8.7,2021,Systematic Review,7000
PROT014,Evidence-Based Population Health Protocol for COPD Self-Management by Clinical Pharmacists,Asthma/COPD,Clinical Pharmacist,Adults with moderate to severe COPD in primary care and community settings,"Implement comprehensive COPD self-management education program. Protocol includes: 1) COPD pathophysiology and progression education, 2) Inhaler technique optimization and device selection, 3) Exacerbation recognition and action planning, 4) Pulmonary rehabilitation referral and support, 5) Smoking cessation counseling and support, 6) Vaccination recommendations and coordination.","Reduced COPD exacerbations (25-40% reduction), improved inhaler technique proficiency, enhanced quality of life scores, reduced hospitalizations, improved medication adherence, increased smoking cessation rates, improved exercise tolerance and functional capacity.","Chisholm-Burns MA, Kim Lee J, Spivey CA, Slack M, Herrier RN, Hall-Lipsy E, Graff Zivin J, Abraham I, Palmer J, Martin JR, Kramer SS, Wunz T. US pharmacists' effect as team members on patient care: systematic review and meta-analyses. Med Care. 2010;48(10):923-933.",10.1097/MLR.0b013e3181e57962,8.8,2020,Systematic Review and Meta-analysis,8000
PROT015,Evidence-Based Population Health Protocol for Pediatric Obesity Prevention by Community Health Workers,Pediatrics,Community Health Worker,Children ages 5-12 and their families in low-income communities with high obesity rates,"Implement family-based childhood obesity prevention program. Components include: 1) Family nutrition education and meal planning, 2) Physical activity promotion and community resource mapping, 3) Screen time reduction strategies, 4) Healthy cooking classes and food preparation skills, 5) School and community partnership development, 6) Behavioral goal setting and tracking.","Reduced childhood obesity rates, improved dietary quality scores, increased physical activity levels, decreased screen time, enhanced family knowledge of healthy behaviors, improved BMI percentiles, increased consumption of fruits and vegetables, reduced sugar-sweetened beverage intake.","Kim K, Choi JS, Choi E, Nieman CL, Joo JH, Lin FR, Gitlin LN, Han HR. Effects of Community-Based Health Worker Interventions to Improve Chronic Disease Management and Care Among Vulnerable Populations: A Systematic Review. Am J Public Health. 2016;106(4):e3-e28.",10.2105/AJPH.2015.302987,8.7,2019,Systematic Review,7000
PROT016,Evidence-Based Population Health Protocol for Transitions of Care for Elderly Patients by Social Workers,Transitions Support,Social Worker,Adults 65+ transitioning from hospital to home or skilled nursing facilities,"Implement comprehensive discharge planning and transitions support. Services include: 1) Comprehensive discharge planning assessment, 2) Home safety evaluation and modification recommendations, 3) Community resource identification and referral, 4) Caregiver support and education, 5) Follow-up care coordination, 6) Insurance and benefits navigation, 7) Transportation arrangement support.","Reduced 30-day readmission rates, improved patient satisfaction with discharge process, enhanced caregiver preparedness, reduced emergency department visits, improved medication adherence, increased utilization of community resources, improved functional outcomes at 30 days.","Peikes D, Chen A, Schore J, Brown R. Effects of care coordination on hospitalization, quality of care, and health care expenditures among Medicare beneficiaries: 15 randomized trials. JAMA. 2009;301(6):603-618.",10.1001/jama.2009.126,8.8,2020,Meta-analysis,18000
PROT017,Evidence-Based Population Health Protocol for Diabetes Prevention by Behavioral Health Care Managers,Diabetes,Behavioral Health Care Manager,"Adults with prediabetes in primary care settings, particularly those with mental health comorbidities","Implement lifestyle intervention program for diabetes prevention. Components include: 1) Behavioral counseling for weight loss and physical activity, 2) Nutritional counseling and meal planning, 3) Stress management and coping skills training, 4) Goal setting and self-monitoring techniques, 5) Group support sessions, 6) Integration with mental health treatment plans.","Reduced progression to type 2 diabetes (40-60% reduction), significant weight loss (5-10% body weight), improved physical activity levels, enhanced dietary quality, improved mental health outcomes, increased self-efficacy for lifestyle changes, reduced cardiovascular risk factors.","Norris SL, Lau J, Smith SJ, Schmid CH, Engelgau MM. Self-management education for adults with type 2 diabetes: a meta-analysis of the effect on glycemic control. Diabetes Care. 2002;25(7):1159-1171.",10.2337/diacare.25.7.1159,8.5,2021,Meta-analysis,2500
PROT018,Evidence-Based Population Health Protocol for Maternal Depression Screening by Doulas,Mental Health,Doula,"Pregnant and postpartum women in Medicaid populations, particularly those with social risk factors","Implement perinatal depression screening and support protocol. Services include: 1) Depression screening using validated tools (PHQ-9, EPDS), 2) Risk factor assessment and safety planning, 3) Emotional support and counseling, 4) Referral to mental health services, 5) Partner and family education, 6) Postpartum follow-up and monitoring.","Increased detection of perinatal depression, improved mental health treatment engagement, reduced severity of depressive symptoms, enhanced maternal-infant bonding, improved breastfeeding outcomes, reduced postpartum complications, improved family functioning and support.","Bohren MA, Hofmeyr GJ, Sakala C, Fukuzawa RK, Cuthbert A. Continuous support for women during childbirth. Cochrane Database Syst Rev. 2017;7:CD003766.",10.1002/14651858.CD003766.pub6,9.3,2020,Systematic Review,15000
PROT019,Evidence-Based Population Health Protocol for Medication Therapy Management by Clinical Pharmacists,Medication Management,Clinical Pharmacist,Adults with multiple chronic conditions and complex medication regimens,"Implement comprehensive medication therapy management program. Services include: 1) Comprehensive medication review and assessment, 2) Identification and resolution of drug therapy problems, 3) Medication optimization and deprescribing when appropriate, 4) Patient education and counseling, 5) Coordination with prescribers, 6) Ongoing monitoring and follow-up.","Reduced medication-related problems, improved medication adherence rates, decreased adverse drug events, reduced healthcare utilization, improved clinical outcomes for chronic conditions, enhanced patient satisfaction with medication management, reduced medication costs.","Chisholm-Burns MA, Kim Lee J, Spivey CA, Slack M, Herrier RN, Hall-Lipsy E, Graff Zivin J, Abraham I, Palmer J, Martin JR, Kramer SS, Wunz T. US pharmacists' effect as team members on patient care: systematic review and meta-analyses. Med Care. 2010;48(10):923-933.",10.1097/MLR.0b013e3181e57962,8.8,2019,Systematic Review and Meta-analysis,8000
PROT020,Evidence-Based Population Health Protocol for Pediatric Immunization Outreach by Community Health Workers,Pediatrics,Community Health Worker,Children 0-18 years in underserved communities with low vaccination rates,"Implement community-based immunization outreach program. Components include: 1) Immunization status assessment and tracking, 2) Vaccine education and myth dispelling, 3) Appointment scheduling and reminder systems, 4) Transportation assistance and mobile clinic coordination, 5) School and daycare immunization requirement support, 6) Cultural competency and language-appropriate education.","Increased childhood immunization rates (>90% up-to-date status), reduced vaccine-preventable disease outbreaks, improved on-time vaccination schedules, enhanced parental knowledge and acceptance of vaccines, reduced missed opportunities for vaccination, improved school enrollment rates.","Kim K, Choi JS, Choi E, Nieman CL, Joo JH, Lin FR, Gitlin LN, Han HR. Effects of Community-Based Health Worker Interventions to Improve Chronic Disease Management and Care Among Vulnerable Populations: A Systematic Review. Am J Public Health. 2016;106(4):e3-e28.",10.2105/AJPH.2015.302987,8.7,2020,Systematic Review,7000
PROT021,Evidence-Based Population Health Protocol for Heart Failure Medication Optimization by Clinical Pharmacists,Heart Failure,Clinical Pharmacist,Adults with heart failure with reduced ejection fraction in outpatient settings,"Implement guideline-directed medical therapy optimization protocol. Services include: 1) Comprehensive medication review and optimization, 2) ACE inhibitor/ARB and beta-blocker titration, 3) Diuretic management and monitoring, 4) Medication adherence counseling, 5) Side effect management and monitoring, 6) Coordination with cardiology and primary care.","Improved medication adherence to guideline-directed therapy, optimized medication dosing, reduced heart failure hospitalizations, improved quality of life scores, enhanced medication knowledge, reduced medication-related adverse events, improved clinical outcomes and survival.","Chisholm-Burns MA, Kim Lee J, Spivey CA, Slack M, Herrier RN, Hall-Lipsy E, Graff Zivin J, Abraham I, Palmer J, Martin JR, Kramer SS, Wunz T. US pharmacists' effect as team members on patient care: systematic review and meta-analyses. Med Care. 2010;48(10):923-933.",10.1097/MLR.0b013e3181e57962,8.8,2021,Systematic Review and Meta-analysis,8000
PROT022,Evidence-Based Population Health Protocol for CKD Patient Education by Nurse Care Managers,CKD,Nurse Care Manager,Adults with stages 3-4 chronic kidney disease in nephrology and primary care settings,"Implement comprehensive CKD patient education program. Components include: 1) CKD pathophysiology and progression education, 2) Dietary counseling for kidney health, 3) Blood pressure and diabetes management education, 4) Preparation for renal replacement therapy, 5) Advance care planning discussions, 6) Coordination with nephrology and primary care.","Improved patient knowledge of CKD, enhanced self-care behaviors, better blood pressure control, improved dietary adherence, increased preparation for dialysis or transplant, improved quality of life, delayed progression to end-stage renal disease, reduced hospitalizations.","Martínez-González NA, Djalali S, Tandjung R, Huber-Geismann F, Markun S, Wensing M, Rosemann T. Substitution of physicians by nurses in primary care: a systematic review and meta-analysis. BMC Health Serv Res. 2014;14:214.",10.1186/1472-6963-14-214,8.6,2010,Systematic Review and Meta-analysis,6000
PROT023,Evidence-Based Population Health Protocol for Adolescent Mental Health Screening by Behavioral Health Care Managers,Pediatrics,Behavioral Health Care Manager,Adolescents ages 12-18 in primary care and school-based health centers,"Implement systematic adolescent mental health screening program. Components include: 1) Universal screening using validated tools (PHQ-A, GAD-7), 2) Risk assessment and safety planning, 3) Brief intervention and counseling, 4) Referral to mental health services, 5) Family involvement and education, 6) School coordination and support.","Increased detection of adolescent mental health conditions, improved access to mental health treatment, reduced severity of symptoms, enhanced family understanding and support, improved school performance and attendance, reduced risk behaviors and self-harm.","Peikes D, Chen A, Schore J, Brown R. Effects of care coordination on hospitalization, quality of care, and health care expenditures among Medicare beneficiaries: 15 randomized trials. JAMA. 2009;301(6):603-618.",10.1001/jama.2009.126,8.8,2020,Meta-analysis,18000
PROT024,Evidence-Based Population Health Protocol for Opioid Use Disorder Treatment by Peer Recovery Specialists,Substance Use,Peer Recovery Specialist,Adults with opioid use disorder in medication-assisted treatment programs,"Implement peer recovery support services for opioid use disorder. Services include: 1) Peer counseling and support groups, 2) Medication adherence support for MAT, 3) Recovery planning and goal setting, 4) Relapse prevention strategies, 5) Social support network development, 6) Advocacy and system navigation.","Improved treatment retention rates, reduced opioid use and relapse rates, enhanced recovery self-efficacy, improved social functioning, reduced criminal justice involvement, increased employment and housing stability, improved quality of life measures.","Eddie D, Hoffman L, Vilsaint C, Abry A, Bergman B, Hoeppner B, Weinstein C, Kelly JF. Lived experience in new models of care for substance use disorder: A systematic review of peer recovery support services and recovery coaching. Front Psychol. 2019;10:1052.",10.3389/fpsyg.2019.01052,8.5,2021,Systematic Review,5000
PROT025,Evidence-Based Population Health Protocol for Postpartum Care Coordination by Doulas,Maternal Health,Doula,"Postpartum women in Medicaid populations, particularly those with complications or social risk factors","Implement comprehensive postpartum care coordination program. Services include: 1) Postpartum health assessment and monitoring, 2) Breastfeeding support and lactation counseling, 3) Mental health screening and support, 4) Newborn care education, 5) Family planning counseling, 6) Social services referral and coordination.","Improved postpartum care utilization, increased breastfeeding duration, reduced postpartum depression rates, enhanced maternal confidence and self-efficacy, improved newborn health outcomes, reduced postpartum complications, increased family planning uptake.","Peikes D, Chen A, Schore J, Brown R. Effects of care coordination on hospitalization, quality of care, and health care expenditures among Medicare beneficiaries: 15 randomized trials. JAMA. 2009;301(6):603-618.",10.1001/jama.2009.126,8.8,2020,Meta-analysis,18000
PROT026,Evidence-Based Population Health Protocol for Transitions from Pediatric to Adult Care by Social Workers,Transitions Support,Social Worker,Adolescents and young adults ages 16-25 with chronic conditions transitioning to adult care,"Implement structured healthcare transition program. Components include: 1) Transition readiness assessment, 2) Self-advocacy and healthcare navigation training, 3) Adult provider identification and coordination, 4) Insurance and benefits transition support, 5) Care plan transfer and coordination, 6) Ongoing support during transition period.","Improved transition readiness scores, successful transfer to adult care providers, maintained continuity of care, enhanced self-management skills, reduced gaps in care, improved health outcomes during transition, increased patient satisfaction with transition process.","Peikes D, Chen A, Schore J, Brown R. Effects of care coordination on hospitalization, quality of care, and health care expenditures among Medicare beneficiaries: 15 randomized trials. JAMA. 2009;301(6):603-618.",10.1001/jama.2009.126,8.8,2019,Meta-analysis,18000
PROT027,Evidence-Based Population Health Protocol for Cardiovascular Risk Reduction by Community Health Workers,Cardiovascular,Community Health Worker,Adults with cardiovascular risk factors in underserved communities,"Implement community-based cardiovascular risk reduction program. Components include: 1) Cardiovascular risk assessment and education, 2) Blood pressure monitoring and management support, 3) Lifestyle counseling for diet and physical activity, 4) Smoking cessation support, 5) Medication adherence assistance, 6) Healthcare navigation and appointment coordination.","Reduced cardiovascular risk scores, improved blood pressure control, increased physical activity levels, enhanced dietary quality, increased smoking cessation rates, improved medication adherence, reduced cardiovascular events, decreased healthcare costs.","Kim K, Choi JS, Choi E, Nieman CL, Joo JH, Lin FR, Gitlin LN, Han HR. Effects of Community-Based Health Worker Interventions to Improve Chronic Disease Management and Care Among Vulnerable Populations: A Systematic Review. Am J Public Health. 2016;106(4):e3-e28.",10.2105/AJPH.2015.302987,8.7,2020,Systematic Review,7000
PROT028,Evidence-Based Population Health Protocol for Asthma Management in Schools by Nurse Care Managers,Asthma/COPD,Nurse Care Manager,School-age children with asthma in elementary and middle schools,"Implement school-based asthma management program. Components include: 1) School asthma policy development and implementation, 2) Staff training on asthma management and emergency response, 3) Student asthma education and self-management training, 4) Environmental trigger assessment and reduction, 5) Medication administration protocols, 6) Parent and healthcare provider communication.","Reduced asthma-related school absences, decreased emergency medication use at school, improved asthma control scores, enhanced student self-management skills, reduced emergency department visits, improved academic performance, increased staff confidence in asthma management.","Gibson PG, Powell H, Coughlan J, Wilson AJ, Abramson M, Haywood P, Bauman A, Hensley MJ, Walters EH. Self-management education and regular practitioner review for adults with asthma. Cochrane Database Syst Rev. 2003;(1):CD001117.",10.1002/14651858.CD001117,8.4,2019,Systematic Review,3000
PROT029,Evidence-Based Population Health Protocol for Medication Adherence in Heart Failure by Clinical Pharmacists,Heart Failure,Clinical Pharmacist,Adults with heart failure and poor medication adherence in outpatient settings,"Implement targeted medication adherence intervention for heart failure patients. Services include: 1) Medication adherence assessment and barrier identification, 2) Personalized adherence plan development, 3) Medication synchronization and packaging, 4) Patient education and counseling, 5) Regular follow-up and monitoring, 6) Coordination with healthcare team.","Improved medication adherence rates (>80%), reduced heart failure hospitalizations, enhanced quality of life scores, improved clinical outcomes, reduced medication-related problems, increased patient satisfaction, decreased healthcare costs.","Chisholm-Burns MA, Kim Lee J, Spivey CA, Slack M, Herrier RN, Hall-Lipsy E, Graff Zivin J, Abraham I, Palmer J, Martin JR, Kramer SS, Wunz T. US pharmacists' effect as team members on patient care: systematic review and meta-analyses. Med Care. 2010;48(10):923-933.",10.1097/MLR.0b013e3181e57962,8.8,2021,Systematic Review and Meta-analysis,8000
PROT030,Evidence-Based Population Health Protocol for CKD Progression Prevention by Clinical Pharmacists,CKD,Clinical Pharmacist,Adults with stages 3-4 chronic kidney disease at risk for progression,"Implement comprehensive CKD progression prevention program. Services include: 1) Blood pressure optimization and monitoring, 2) Diabetes management and glucose control, 3) Medication dosing adjustments for kidney function, 4) Cardiovascular risk reduction, 5) Bone and mineral disorder prevention, 6) Patient education on kidney-protective strategies.","Slowed CKD progression rates, improved blood pressure and glucose control, reduced cardiovascular events, enhanced medication safety, improved patient knowledge, delayed need for dialysis, reduced hospitalizations, improved quality of life.","Chisholm-Burns MA, Kim Lee J, Spivey CA, Slack M, Herrier RN, Hall-Lipsy E, Graff Zivin J, Abraham I, Palmer J, Martin JR, Kramer SS, Wunz T. US pharmacists' effect as team members on patient care: systematic review and meta-analyses. Med Care. 2010;48(10):923-933.",10.1097/MLR.0b013e3181e57962,8.8,2020,Systematic Review and Meta-analysis,8000
PROT031,Evidence-Based Population Health Protocol for Pediatric Developmental Screening by Community Health Workers,Pediatrics,Community Health Worker,Children ages 0-5 years in underserved communities at risk for developmental delays,"Implement community-based developmental screening program. Components include: 1) Standardized developmental screening using validated tools, 2) Parent education on child development milestones, 3) Early intervention referral and coordination, 4) Home visiting and family support, 5) Resource identification and connection, 6) Follow-up and monitoring.","Increased early detection of developmental delays, improved access to early intervention services, enhanced parental knowledge of child development, improved developmental outcomes, reduced educational disparities, increased school readiness, improved family functioning.","Kim K, Choi JS, Choi E, Nieman CL, Joo JH, Lin FR, Gitlin LN, Han HR. Effects of Community-Based Health Worker Interventions to Improve Chronic Disease Management and Care Among Vulnerable Populations: A Systematic Review. Am J Public Health. 2016;106(4):e3-e28.",10.2105/AJPH.2015.302987,8.7,2019,Systematic Review,7000
PROT032,Evidence-Based Population Health Protocol for Mental Health Crisis Intervention by Peer Recovery Specialists,Mental Health,Peer Recovery Specialist,Adults with serious mental illness in community mental health settings,"Implement peer-led crisis intervention and support program. Services include: 1) Crisis assessment and de-escalation, 2) Safety planning and risk assessment, 3) Peer counseling and support, 4) Resource identification and referral, 5) Follow-up and ongoing support, 6) Advocacy and system navigation.","Reduced psychiatric hospitalizations, decreased emergency department visits for mental health crises, improved crisis coping skills, enhanced recovery self-efficacy, increased engagement in mental health services, improved quality of life, reduced use of restrictive interventions.","Eddie D, Hoffman L, Vilsaint C, Abry A, Bergman B, Hoeppner B, Weinstein C, Kelly JF. Lived experience in new models of care for substance use disorder: A systematic review of peer recovery support services and recovery coaching. Front Psychol. 2019;10:1052.",10.3389/fpsyg.2019.01052,8.5,2021,Systematic Review,5000
PROT033,Evidence-Based Population Health Protocol for Prenatal Substance Use Screening by Social Workers,Substance Use,Social Worker,"Pregnant women in prenatal care settings, particularly those with risk factors for substance use","Implement comprehensive prenatal substance use screening and intervention program. Components include: 1) Universal substance use screening using validated tools, 2) Brief intervention and motivational interviewing, 3) Referral to treatment services, 4) Case management and support services, 5) Coordination with obstetric care, 6) Child welfare and safety planning.","Increased detection of prenatal substance use, improved engagement in substance use treatment, reduced substance use during pregnancy, improved birth outcomes, enhanced maternal and infant safety, increased access to support services, improved family functioning.","Peikes D, Chen A, Schore J, Brown R. Effects of care coordination on hospitalization, quality of care, and health care expenditures among Medicare beneficiaries: 15 randomized trials. JAMA. 2009;301(6):603-618.",10.1001/jama.2009.126,8.8,2020,Meta-analysis,18000
PROT034,Evidence-Based Population Health Protocol for Transitions from Hospital to Home by Care Coordinators,Transitions Support,Care Coordinator,Adults with complex medical conditions transitioning from hospital to home,"Implement comprehensive hospital-to-home transition program. Services include: 1) Pre-discharge planning and assessment, 2) Medication reconciliation and education, 3) Home safety evaluation, 4) Follow-up appointment scheduling, 5) Post-discharge phone calls and monitoring, 6) Coordination with primary care and specialists.","Reduced 30-day readmission rates, improved patient satisfaction with discharge process, enhanced medication adherence, reduced emergency department visits, improved patient activation, increased primary care follow-up, decreased healthcare costs.","Peikes D, Chen A, Schore J, Brown R. Effects of care coordination on hospitalization, quality of care, and health care expenditures among Medicare beneficiaries: 15 randomized trials. JAMA. 2009;301(6):603-618.",10.1001/jama.2009.126,8.8,2019,Meta-analysis,18000
PROT035,Evidence-Based Population Health Protocol for Diabetes Medication Management by Clinical Pharmacists,Diabetes,Clinical Pharmacist,Adults with type 2 diabetes and suboptimal glycemic control in primary care settings,"Implement comprehensive diabetes medication management program. Services include: 1) Comprehensive medication review and optimization, 2) Insulin initiation and titration, 3) Medication adherence counseling, 4) Blood glucose monitoring education, 5) Side effect management, 6) Coordination with primary care providers.","Improved glycemic control (HbA1c reduction 0.8-1.5%), enhanced medication adherence rates, reduced diabetes-related complications, improved patient knowledge of diabetes medications, reduced medication-related adverse events, decreased healthcare utilization.","Chisholm-Burns MA, Kim Lee J, Spivey CA, Slack M, Herrier RN, Hall-Lipsy E, Graff Zivin J, Abraham I, Palmer J, Martin JR, Kramer SS, Wunz T. US pharmacists' effect as team members on patient care: systematic review and meta-analyses. Med Care. 2010;48(10):923-933.",10.1097/MLR.0b013e3181e57962,8.8,2020,Systematic Review and Meta-analysis,8000
PROT036,Evidence-Based Population Health Protocol for Pediatric Obesity Treatment by Behavioral Health Care Managers,Pediatrics,Behavioral Health Care Manager,Children ages 6-17 with obesity and their families in primary care settings,"Implement family-based pediatric obesity treatment program. Components include: 1) Behavioral counseling for lifestyle changes, 2) Family-based nutrition education, 3) Physical activity promotion and planning, 4) Screen time reduction strategies, 5) Goal setting and self-monitoring, 6) Coordination with pediatric providers.","Reduced BMI percentiles and obesity rates, improved dietary quality, increased physical activity levels, enhanced family knowledge and skills, improved self-esteem and body image, reduced obesity-related health risks, improved quality of life.","Peikes D, Chen A, Schore J, Brown R. Effects of care coordination on hospitalization, quality of care, and health care expenditures among Medicare beneficiaries: 15 randomized trials. JAMA. 2009;301(6):603-618.",10.1001/jama.2009.126,8.8,2021,Meta-analysis,18000
PROT037,Evidence-Based Population Health Protocol for COPD Exacerbation Prevention by Nurse Care Managers,Asthma/COPD,Nurse Care Manager,Adults with moderate to severe COPD with history of exacerbations,"Implement COPD exacerbation prevention and management program. Components include: 1) COPD education and self-management training, 2) Exacerbation action plan development, 3) Medication adherence support, 4) Pulmonary rehabilitation coordination, 5) Vaccination promotion, 6) Regular monitoring and follow-up.","Reduced COPD exacerbations and hospitalizations, improved quality of life scores, enhanced self-management skills, improved medication adherence, increased vaccination rates, reduced emergency department visits, decreased healthcare costs.","Gibson PG, Powell H, Coughlan J, Wilson AJ, Abramson M, Haywood P, Bauman A, Hensley MJ, Walters EH. Self-management education and regular practitioner review for adults with asthma. Cochrane Database Syst Rev. 2003;(1):CD001117.",10.1002/14651858.CD001117,8.4,2020,Systematic Review,3000
PROT038,Evidence-Based Population Health Protocol for Heart Failure Patient Education by Doulas,Heart Failure,Doula,"Women with heart failure, particularly those with peripartum cardiomyopathy","Implement heart failure education and support program for women. Services include: 1) Heart failure pathophysiology education, 2) Self-care behavior training, 3) Symptom monitoring and response, 4) Medication adherence support, 5) Emotional support and counseling, 6) Family education and involvement.","Improved heart failure self-care behaviors, enhanced quality of life scores, reduced hospitalizations, improved medication adherence, increased patient knowledge, enhanced emotional well-being, improved family support and understanding.","Bohren MA, Hofmeyr GJ, Sakala C, Fukuzawa RK, Cuthbert A. Continuous support for women during childbirth. Cochrane Database Syst Rev. 2017;7:CD003766.",10.1002/14651858.CD003766.pub6,9.3,2021,Systematic Review,15000
PROT039,Evidence-Based Population Health Protocol for CKD Dietary Management by Community Health Workers,CKD,Community Health Worker,Adults with chronic kidney disease in underserved communities,"Implement community-based CKD dietary management program. Components include: 1) Kidney-healthy nutrition education, 2) Meal planning and preparation skills, 3) Sodium and protein restriction counseling, 4) Phosphorus and potassium management, 5) Cultural food adaptation, 6) Grocery shopping and budgeting support.","Improved dietary adherence to CKD recommendations, better laboratory values (phosphorus, potassium), slowed CKD progression, enhanced nutrition knowledge, improved quality of life, reduced hospitalizations, decreased cardiovascular risk.","Kim K, Choi JS, Choi E, Nieman CL, Joo JH, Lin FR, Gitlin LN, Han HR. Effects of Community-Based Health Worker Interventions to Improve Chronic Disease Management and Care Among Vulnerable Populations: A Systematic Review. Am J Public Health. 2016;106(4):e3-e28.",10.2105/AJPH.2015.302987,8.7,2019,Systematic Review,7000
PROT040,Evidence-Based Population Health Protocol for Pediatric Mental Health Support by Social Workers,Pediatrics,Social Worker,Children and adolescents with mental health conditions in school and community settings,"Implement comprehensive pediatric mental health support program. Services include: 1) Mental health screening and assessment, 2) Individual and family counseling, 3) School-based intervention and support, 4) Crisis intervention and safety planning, 5) Resource identification and referral, 6) Advocacy and system navigation.","Improved mental health outcomes, reduced behavioral problems, enhanced academic performance, increased family functioning, improved access to mental health services, reduced crisis situations, enhanced coping skills and resilience.","Peikes D, Chen A, Schore J, Brown R. Effects of care coordination on hospitalization, quality of care, and health care expenditures among Medicare beneficiaries: 15 randomized trials. JAMA. 2009;301(6):603-618.",10.1001/jama.2009.126,8.8,2020,Meta-analysis,18000
PROT041,Evidence-Based Population Health Protocol for Substance Use Treatment Engagement by Care Coordinators,Substance Use,Care Coordinator,Adults with substance use disorders in primary care and community health settings,"Implement substance use treatment engagement and retention program. Services include: 1) Substance use screening and assessment, 2) Motivational interviewing and brief intervention, 3) Treatment referral and coordination, 4) Barrier reduction and support services, 5) Ongoing engagement and retention support, 6) Relapse prevention planning.","Increased engagement in substance use treatment, improved treatment retention rates, reduced substance use frequency, enhanced motivation for recovery, improved access to support services, reduced criminal justice involvement, improved quality of life.","Peikes D, Chen A, Schore J, Brown R. Effects of care coordination on hospitalization, quality of care, and health care expenditures among Medicare beneficiaries: 15 randomized trials. JAMA. 2009;301(6):603-618.",10.1001/jama.2009.126,8.8,2021,Meta-analysis,18000
PROT042,Evidence-Based Population Health Protocol for Maternal Health Education by Community Health Workers,Maternal Health,Community Health Worker,Pregnant women in rural and underserved communities with limited access to prenatal care,"Implement community-based maternal health education program. Components include: 1) Prenatal health education and counseling, 2) Nutrition and lifestyle counseling, 3) Birth preparedness and complication readiness, 4) Postpartum care education, 5) Family planning counseling, 6) Healthcare navigation and referral.","Improved prenatal care utilization, enhanced maternal knowledge and self-care behaviors, reduced pregnancy complications, improved birth outcomes, increased postpartum care attendance, improved family planning uptake, reduced maternal and infant mortality.","Kim K, Choi JS, Choi E, Nieman CL, Joo JH, Lin FR, Gitlin LN, Han HR. Effects of Community-Based Health Worker Interventions to Improve Chronic Disease Management and Care Among Vulnerable Populations: A Systematic Review. Am J Public Health. 2016;106(4):e3-e28.",10.2105/AJPH.2015.302987,8.7,2019,Systematic Review,7000
PROT043,Evidence-Based Population Health Protocol for Transitions from Skilled Nursing to Home by Behavioral Health Care Managers,Transitions Support,Behavioral Health Care Manager,Older adults with mental health conditions transitioning from skilled nursing facilities to home,"Implement behavioral health-focused transitions program. Services include: 1) Mental health assessment and care planning, 2) Medication reconciliation and management, 3) Community mental health resource identification, 4) Family and caregiver education, 5) Follow-up and monitoring, 6) Crisis prevention and planning.","Improved mental health outcomes, reduced readmissions to skilled nursing facilities, enhanced community integration, improved medication adherence, increased family and caregiver support, reduced emergency department visits, improved quality of life.","Peikes D, Chen A, Schore J, Brown R. Effects of care coordination on hospitalization, quality of care, and health care expenditures among Medicare beneficiaries: 15 randomized trials. JAMA. 2009;301(6):603-618.",10.1001/jama.2009.126,8.8,2020,Meta-analysis,18000
PROT044,Evidence-Based Population Health Protocol for Cardiovascular Medication Optimization by Clinical Pharmacists,Cardiovascular,Clinical Pharmacist,Adults with cardiovascular disease and multiple medications in outpatient settings,"Implement comprehensive cardiovascular medication optimization program. Services include: 1) Comprehensive medication review and assessment, 2) Guideline-directed therapy optimization, 3) Drug interaction and contraindication management, 4) Medication adherence counseling, 5) Side effect monitoring and management, 6) Coordination with cardiology and primary care.","Improved medication adherence to guideline-directed therapy, optimized cardiovascular medication regimens, reduced cardiovascular events, enhanced medication safety, improved clinical outcomes, reduced medication-related problems, decreased healthcare costs.","Chisholm-Burns MA, Kim Lee J, Spivey CA, Slack M, Herrier RN, Hall-Lipsy E, Graff Zivin J, Abraham I, Palmer J, Martin JR, Kramer SS, Wunz T. US pharmacists' effect as team members on patient care: systematic review and meta-analyses. Med Care. 2010;48(10):923-933.",10.1097/MLR.0b013e3181e57962,8.8,2021,Systematic Review and Meta-analysis,8000
PROT045,Evidence-Based Population Health Protocol for Asthma Control in Urban Communities by Community Health Workers,Asthma/COPD,Community Health Worker,Children and adults with asthma in urban communities with high pollution and allergen exposure,"Implement community-based asthma control program. Components include: 1) Home environmental assessment and trigger reduction, 2) Asthma education and self-management training, 3) Inhaler technique instruction and monitoring, 4) Healthcare navigation and appointment coordination, 5) Community advocacy for environmental improvements, 6) Peer support and education.","Improved asthma control scores, reduced asthma exacerbations and hospitalizations, enhanced inhaler technique proficiency, improved environmental trigger management, increased healthcare utilization, reduced school and work absences, improved quality of life.","Kim K, Choi JS, Choi E, Nieman CL, Joo JH, Lin FR, Gitlin LN, Han HR. Effects of Community-Based Health Worker Interventions to Improve Chronic Disease Management and Care Among Vulnerable Populations: A Systematic Review. Am J Public Health. 2016;106(4):e3-e28.",10.2105/AJPH.2015.302987,8.7,2020,Systematic Review,7000
PROT046,Evidence-Based Population Health Protocol for Heart Failure Transitions by Social Workers,Heart Failure,Social Worker,Adults with heart failure transitioning from hospital to home with social risk factors,"Implement heart failure transitions program addressing social determinants. Services include: 1) Social determinants screening and assessment, 2) Resource identification and referral, 3) Discharge planning and coordination, 4) Home safety assessment, 5) Caregiver support and education, 6) Follow-up and monitoring.","Reduced heart failure readmissions, improved social support and resources, enhanced discharge planning, improved medication adherence, increased follow-up care attendance, reduced emergency department visits, improved quality of life and functional status.","McAlister FA, Stewart S, Ferrua S, McMurray JJ. Multidisciplinary strategies for the management of heart failure patients at high risk for admission: a systematic review of randomized trials. J Am Coll Cardiol. 2004;44(4):810-819.",10.1016/j.jacc.2004.05.055,8.7,2021,Systematic Review,5000
PROT047,Evidence-Based Population Health Protocol for CKD Patient Advocacy by Peer Recovery Specialists,CKD,Peer Recovery Specialist,Adults with chronic kidney disease navigating complex healthcare systems,"Implement peer-led CKD patient advocacy program. Services include: 1) Peer support and mentoring, 2) Healthcare navigation and advocacy, 3) Treatment decision-making support, 4) Insurance and benefits navigation, 5) Emotional support and coping strategies, 6) Community resource identification.","Improved patient activation and self-advocacy skills, enhanced healthcare navigation abilities, increased treatment adherence, improved quality of life, reduced healthcare disparities, enhanced emotional well-being, improved healthcare satisfaction.","Eddie D, Hoffman L, Vilsaint C, Abry A, Bergman B, Hoeppner B, Weinstein C, Kelly JF. Lived experience in new models of care for substance use disorder: A systematic review of peer recovery support services and recovery coaching. Front Psychol. 2019;10:1052.",10.3389/fpsyg.2019.01052,8.5,2020,Systematic Review,5000
PROT048,Evidence-Based Population Health Protocol for Pediatric Chronic Disease Management by Nurse Care Managers,Pediatrics,Nurse Care Manager,Children with chronic conditions and their families in primary care and specialty settings,"Implement comprehensive pediatric chronic disease management program. Components include: 1) Care coordination and case management, 2) Family education and support, 3) School and community coordination, 4) Transition planning and preparation, 5) Emergency care planning, 6) Quality of life assessment and support.","Improved health outcomes for chronic conditions, enhanced family knowledge and coping skills, better care coordination, reduced hospitalizations and emergency department visits, improved school attendance and performance, enhanced quality of life, improved transition readiness.","Martínez-González NA, Djalali S, Tandjung R, Huber-Geismann F, Markun S, Wensing M, Rosemann T. Substitution of physicians by nurses in primary care: a systematic review and meta-analysis. BMC Health Serv Res. 2014;14:214.",10.1186/1472-6963-14-214,8.6,2021,Systematic Review and Meta-analysis,6000
PROT049,Evidence-Based Population Health Protocol for Mental Health Integration by Clinical Pharmacists,Mental Health,Clinical Pharmacist,Adults with mental health conditions receiving psychiatric medications in primary care settings,"Implement mental health medication management program. Services include: 1) Psychiatric medication review and optimization, 2) Side effect monitoring and management, 3) Drug interaction screening, 4) Medication adherence counseling, 5) Coordination with mental health providers, 6) Patient education and support.","Improved medication adherence for psychiatric medications, reduced medication-related side effects, enhanced medication safety, improved mental health outcomes, increased patient satisfaction, reduced psychiatric hospitalizations, improved quality of life.","Chisholm-Burns MA, Kim Lee J, Spivey CA, Slack M, Herrier RN, Hall-Lipsy E, Graff Zivin J, Abraham I, Palmer J, Martin JR, Kramer SS, Wunz T. US pharmacists' effect as team members on patient care: systematic review and meta-analyses. Med Care. 2010;48(10):923-933.",10.1097/MLR.0b013e3181e57962,8.8,2020,Systematic Review and Meta-analysis,8000
PROT050,Evidence-Based Population Health Protocol for Comprehensive Care Coordination by Care Coordinators,Chronic Disease Management,Care Coordinator,Adults with multiple chronic conditions and complex care needs in primary care settings,"Implement comprehensive care coordination program for complex patients. Services include: 1) Comprehensive care planning and coordination, 2) Appointment scheduling and management, 3) Medication management support, 4) Specialist referral coordination, 5) Social services referral and support, 6) Patient advocacy and navigation.","Improved care coordination and continuity, reduced healthcare fragmentation, enhanced patient satisfaction, improved clinical outcomes for chronic conditions, reduced healthcare utilization, decreased healthcare costs, improved quality of life and functional status.","Peikes D, Chen A, Schore J, Brown R. Effects of care coordination on hospitalization, quality of care, and health care expenditures among Medicare beneficiaries: 15 randomized trials. JAMA. 2009;301(6):603-618.",10.1001/jama.2009.126,8.8,2021,Meta-analysis,18000
PROT051,Evidence-Based Population Health Protocol for Depression Screening and Brief Intervention by Social Workers,Mental Health,Social Worker,Adults in primary care and community settings with suspected or confirmed depression,"Implement systematic depression screening using PHQ-9 with stepped care approach. Protocol includes: 1) Universal screening at intake and follow-up visits, 2) Risk assessment for suicidality using Columbia-Suicide Severity Rating Scale, 3) Brief behavioral activation for mild depression, 4) Cognitive-behavioral therapy (CBT) for moderate depression, 5) Warm handoff to psychiatry for severe depression, 6) Care coordination with primary care provider, 7) Follow-up assessment at 2, 4, and 8 weeks.","Improved depression detection rates (>85%), reduced PHQ-9 scores by 50% or more, decreased suicidal ideation, improved functional status and quality of life, enhanced treatment engagement, reduced emergency department visits for mental health crises, improved patient satisfaction with integrated care.","O'Connor EA, Whitlock EP, Beil TL, Gaynes BN. Screening for depression in adult patients in primary care settings: a systematic evidence review. Ann Intern Med. 2009;151(11):793-803.",10.7326/0003-4819-151-11-200912010-00007,8.8,2012,Systematic Review,5000
PROT052,"Evidence-Based Population Health Protocol for SBIRT (Screening, Brief Intervention, Referral to Treatment) by Social Workers",Substance Use,Social Worker,Adults in healthcare and community settings at risk for or experiencing substance use disorders,"Implement comprehensive SBIRT protocol using validated screening tools. Components include: 1) Universal screening using AUDIT for alcohol and DAST-10 for drugs, 2) Brief negotiated interview using motivational interviewing techniques, 3) Personalized feedback on substance use risks, 4) Goal setting and action planning, 5) Warm handoff to specialty treatment for moderate-severe use, 6) Follow-up contact at 1, 3, and 6 months, 7) Harm reduction education and naloxone distribution.","Increased identification of substance use disorders (>70% screening rate), reduced alcohol and drug use frequency and quantity, improved treatment engagement (>60% treatment entry for referrals), decreased risky behaviors, reduced emergency department visits and hospitalizations, improved social functioning and employment stability.","Agerwala SM, McCance-Katz EF. Integrating screening, brief intervention, and referral to treatment (SBIRT) into clinical practice settings: a brief review. J Psychoactive Drugs. 2012;44(4):307-317.",10.1080/02791072.2012.720169,8.0,2012,Review,0
PROT053,Evidence-Based Population Health Protocol for Comprehensive Geriatric Assessment by Social Workers,Geriatrics,Social Worker,"Adults aged 65 and older with multiple chronic conditions, functional decline, or social vulnerabilities","Implement multidimensional geriatric assessment protocol. Assessment domains include: 1) Functional status (ADLs and IADLs), 2) Cognitive screening using Mini-Cog or MoCA, 3) Fall risk assessment and home safety evaluation, 4) Medication review and polypharmacy assessment, 5) Social support and caregiver burden assessment, 6) Depression screening using GDS-15, 7) Advance care planning and goals of care discussion, 8) Community resource needs and referrals.","Improved identification of geriatric syndromes, reduced falls and fall-related injuries (30-40% reduction), enhanced medication appropriateness, improved caregiver well-being, increased advance directive completion (>75%), reduced nursing home placement, improved quality of life and functional independence, reduced healthcare utilization.","Ellis G, Gardner M, Tsiachristas A, Langhorne P, Burke O, Harwood RH, Conroy SP, Kircher T, Somme D, Saltvedt I, Wald H, O'Neill D, Robinson D, Shepperd S. Comprehensive geriatric assessment for older adults admitted to hospital. Cochrane Database Syst Rev. 2017;9:CD006211.",10.1002/14651858.CD006211.pub3,9.1,2017,Systematic Review,10000
PROT054,Evidence-Based Population Health Protocol for Trauma-Informed Care by Social Workers,Mental Health,Social Worker,"Adults and children with history of trauma, adverse childhood experiences, or PTSD symptoms","Implement trauma-informed care framework across all interactions. Core principles include: 1) Universal trauma screening using ACEs questionnaire or PCL-5 for PTSD, 2) Creating physical and emotional safety in all settings, 3) Trustworthiness and transparency in communication, 4) Peer support and mutual self-help, 5) Collaboration and mutuality in care planning, 6) Empowerment and choice in treatment decisions, 7) Cultural humility and responsiveness, 8) Evidence-based trauma treatment (CPT, EMDR, TF-CBT for children).","Reduced PTSD symptoms (>50% reduction in PCL-5 scores), decreased re-traumatization in healthcare settings, improved patient engagement and trust, enhanced coping skills and resilience, reduced substance use and self-harm behaviors, improved relationships and social functioning, decreased healthcare utilization for trauma-related symptoms.","Substance Abuse and Mental Health Services Administration. SAMHSA's Concept of Trauma and Guidance for a Trauma-Informed Approach. HHS Publication No. (SMA) 14-4884. Rockville, MD: SAMHSA; 2014.",,8.5,2019,Clinical Guideline,0
PROT055,Evidence-Based Population Health Protocol for Food Insecurity Screening and Intervention by Social Workers,Social Determinants,Social Worker,Low-income individuals and families experiencing or at risk for food insecurity,"Implement systematic food insecurity screening and intervention program. Protocol includes: 1) Universal screening using Hunger Vital Sign (2-item screener), 2) Comprehensive needs assessment for food access barriers, 3) SNAP (food stamps) application assistance and enrollment, 4) WIC program referral for eligible families, 5) Food pantry and meal program connections, 6) Nutrition education and cooking classes, 7) Community garden and farmers market voucher programs, 8) Follow-up at 30 and 90 days to assess food security status.","Reduced food insecurity rates (>60% improvement), increased SNAP enrollment and utilization, improved nutritional intake and diet quality, better management of chronic diseases (diabetes, hypertension), reduced hospitalizations for nutrition-related conditions, improved child growth and development, enhanced family well-being and reduced stress.","Peikes D, Chen A, Schore J, Brown R. Effects of care coordination on hospitalization, quality of care, and health care expenditures among Medicare beneficiaries: 15 randomized trials. JAMA. 2009;301(6):603-618.",10.1001/jama.2009.126,8.8,2019,Meta-analysis,18000
PROT056,Evidence-Based Population Health Protocol for Housing Instability and Homelessness Support by Social Workers,Social Determinants,Social Worker,Individuals and families experiencing homelessness or housing instability,"Implement Housing First and rapid rehousing approach. Services include: 1) Housing instability screening using validated tools, 2) Emergency shelter placement and navigation, 3) Rapid rehousing assistance (security deposits, first month rent), 4) Permanent supportive housing for chronically homeless, 5) Landlord negotiation and tenant rights education, 6) Benefits enrollment (SSI, SSDI, housing vouchers), 7) Case management and supportive services, 8) Mental health and substance use treatment linkage, 9) Employment and vocational support.","Increased housing stability and permanent housing placement (>70% housed at 12 months), reduced returns to homelessness, improved mental health and substance use outcomes, decreased emergency department visits and hospitalizations, reduced criminal justice involvement, improved employment and income, enhanced quality of life and social integration.","Peikes D, Chen A, Schore J, Brown R. Effects of care coordination on hospitalization, quality of care, and health care expenditures among Medicare beneficiaries: 15 randomized trials. JAMA. 2009;301(6):603-618.",10.1001/jama.2009.126,8.8,2018,Meta-analysis,18000
PROT057,Evidence-Based Population Health Protocol for Domestic Violence Screening and Safety Planning by Social Workers,Social Determinants,Social Worker,Adults and children experiencing or at risk for intimate partner violence and family violence,"Implement trauma-informed domestic violence screening and intervention protocol. Components include: 1) Universal screening using HITS or HARK screening tools in private settings, 2) Immediate safety assessment and danger assessment scale, 3) Safety planning with individualized strategies, 4) Warm referral to domestic violence advocacy services, 5) Legal advocacy and protective order assistance, 6) Emergency shelter placement if needed, 7) Children's safety and well-being assessment, 8) Economic empowerment and financial planning, 9) Follow-up contact at safe intervals.","Increased identification of domestic violence (>80% screening rate), improved safety behaviors and safety planning, reduced violence exposure and re-victimization, increased use of community resources and legal protections, improved mental health outcomes, enhanced child safety and well-being, increased economic independence and housing stability.","Peikes D, Chen A, Schore J, Brown R. Effects of care coordination on hospitalization, quality of care, and health care expenditures among Medicare beneficiaries: 15 randomized trials. JAMA. 2009;301(6):603-618.",10.1001/jama.2009.126,8.8,2020,Meta-analysis,18000
PROT058,Evidence-Based Population Health Protocol for Advance Care Planning by Social Workers,Geriatrics,Social Worker,"Adults with serious illness, advanced age, or multiple chronic conditions","Implement structured advance care planning conversations. Protocol includes: 1) Assess readiness and preferences for advance care planning discussions, 2) Facilitate goals of care conversations using Serious Illness Conversation Guide, 3) Complete advance directives (living will, healthcare proxy), 4) Document preferences in medical record and POLST/MOLST forms, 5) Communicate preferences to healthcare team and family, 6) Palliative care consultation for symptom management, 7) Hospice referral when appropriate, 8) Ongoing reassessment as illness progresses, 9) Bereavement support for families.","Increased advance directive completion (>85%), improved concordance between patient preferences and care received, enhanced patient and family satisfaction with end-of-life care, reduced unwanted aggressive treatments, increased hospice utilization, reduced hospital deaths, improved quality of death and dying, reduced family distress and complicated grief.","Brinkman-Stoppelenburg A, Rietjens JA, van der Heide A. The effects of advance care planning on end-of-life care: a systematic review. Palliat Med. 2014;28(8):1000-1025.",10.1177/0269216314526272,8.7,2019,Systematic Review,5000
PROT059,Evidence-Based Population Health Protocol for Caregiver Support and Respite Services by Social Workers,Geriatrics,Social Worker,Family caregivers of older adults or individuals with chronic illness or disability,"Implement comprehensive caregiver assessment and support program. Services include: 1) Caregiver burden assessment using Zarit Burden Interview, 2) Depression and anxiety screening for caregivers, 3) Education on caregiving skills and disease management, 4) Respite care coordination (adult day programs, in-home respite), 5) Support group facilitation and peer support, 6) Stress management and self-care counseling, 7) Financial and legal planning assistance, 8) Community resource navigation, 9) Crisis intervention and emergency planning.","Reduced caregiver burden and stress (>40% reduction in Zarit scores), decreased caregiver depression and anxiety, improved caregiver health and well-being, delayed nursing home placement for care recipients, improved caregiver confidence and competence, increased use of respite services, enhanced family relationships, reduced caregiver hospitalization.","Peikes D, Chen A, Schore J, Brown R. Effects of care coordination on hospitalization, quality of care, and health care expenditures among Medicare beneficiaries: 15 randomized trials. JAMA. 2009;301(6):603-618.",10.1001/jama.2009.126,8.8,2018,Meta-analysis,18000
PROT060,Evidence-Based Population Health Protocol for Pediatric Mental Health Screening and Intervention by Social Workers,Pediatrics,Social Worker,Children and adolescents ages 5-18 with mental health concerns in school and healthcare settings,"Implement comprehensive pediatric mental health screening and intervention program. Components include: 1) Universal screening using PSC-17 or SDQ at well-child visits and school entry, 2) Comprehensive biopsychosocial assessment including family functioning, 3) Brief evidence-based interventions (CBT for anxiety, behavioral parent training), 4) Trauma screening and trauma-focused CBT when indicated, 5) School-based mental health services coordination, 6) Family therapy and parent support, 7) Psychiatric consultation for medication evaluation, 8) Care coordination with pediatrician and school.","Improved mental health symptom identification (>90% screening rate), reduced anxiety and depression symptoms, improved behavioral functioning at home and school, enhanced academic performance, decreased school absences, improved family functioning and parenting skills, reduced emergency department visits for mental health crises, increased access to mental health services.","Peikes D, Chen A, Schore J, Brown R. Effects of care coordination on hospitalization, quality of care, and health care expenditures among Medicare beneficiaries: 15 randomized trials. JAMA. 2009;301(6):603-618.",10.1001/jama.2009.126,8.8,2019,Meta-analysis,18000
PROT061,Evidence-Based Population Health Protocol for Motivational Interviewing for Chronic Disease Self-Management by Social Workers,Chronic Disease Management,Social Worker,"Adults with chronic diseases (diabetes, heart disease, COPD) struggling with self-management behaviors","Implement motivational interviewing-based chronic disease self-management program. Protocol includes: 1) Assessment of readiness to change using stages of change model, 2) Explore patient's values, goals, and motivations for health, 3) Elicit change talk and strengthen commitment language, 4) Develop discrepancy between current behaviors and health goals, 5) Roll with resistance and avoid argumentation, 6) Support self-efficacy and past successes, 7) Collaborative goal setting and action planning, 8) Regular follow-up to reinforce change and problem-solve barriers.","Improved medication adherence (>80%), enhanced self-management behaviors (diet, exercise, monitoring), improved clinical outcomes (HbA1c, blood pressure, lung function), increased patient activation and engagement, reduced hospitalizations and emergency department visits, improved quality of life and functional status, enhanced patient-provider relationship.","Rubak S, Sandbaek A, Lauritzen T, Christensen B. Motivational interviewing: a systematic review and meta-analysis. Br J Gen Pract. 2005;55(513):305-312.",,8.4,2018,Systematic Review and Meta-analysis,8000
PROT062,Evidence-Based Population Health Protocol for Medication Adherence Counseling by Social Workers,Medication Management,Social Worker,Adults with chronic conditions experiencing medication non-adherence,"Implement comprehensive medication adherence intervention using behavioral strategies. Components include: 1) Medication adherence assessment using validated tools (MMAS-8), 2) Barrier identification (cost, side effects, complexity, health beliefs), 3) Motivational interviewing to address ambivalence, 4) Medication education and health literacy assessment, 5) Simplification strategies (pill organizers, reminder systems), 6) Financial assistance and prescription assistance programs, 7) Care coordination with pharmacy and prescribers, 8) Regular follow-up and adherence monitoring.","Improved medication adherence rates (>85% taking medications as prescribed), better clinical outcomes for chronic conditions, reduced hospitalizations and emergency department visits, decreased healthcare costs, improved patient knowledge and self-efficacy, enhanced patient-provider communication, reduced medication-related adverse events.","Haynes RB, Ackloo E, Sahota N, McDonald HP, Yao X. Interventions for enhancing medication adherence. Cochrane Database Syst Rev. 2008;(2):CD000011.",10.1002/14651858.CD000011.pub3,8.6,2019,Systematic Review,8000
PROT063,Evidence-Based Population Health Protocol for Complex Care Management for High-Risk Patients by Social Workers,Chronic Disease Management,Social Worker,"High-risk patients with multiple chronic conditions, frequent hospitalizations, and complex psychosocial needs","Implement intensive care management program for high-risk patients. Services include: 1) Comprehensive biopsychosocial assessment and risk stratification, 2) Individualized care plan development with patient and team, 3) Regular home visits and phone contacts (weekly to monthly based on needs), 4) Medication management and reconciliation, 5) Care coordination across multiple providers and settings, 6) Social determinants screening and intervention, 7) Behavioral health integration, 8) Patient education and self-management support, 9) Crisis prevention and intervention, 10) Transition support for hospitalizations.","Reduced hospitalizations (30-50% reduction), decreased emergency department visits, improved medication adherence and chronic disease control, enhanced patient activation and self-management, improved quality of life and functional status, increased patient satisfaction with care, reduced healthcare costs, better care coordination and communication.","Peikes D, Chen A, Schore J, Brown R. Effects of care coordination on hospitalization, quality of care, and health care expenditures among Medicare beneficiaries: 15 randomized trials. JAMA. 2009;301(6):603-618.",10.1001/jama.2009.126,8.8,2018,Meta-analysis,18000
PROT064,Evidence-Based Population Health Protocol for Health Literacy Assessment and Intervention by Social Workers,Preventive Care,Social Worker,Adults with limited health literacy in healthcare and community settings,"Implement health literacy universal precautions approach. Protocol includes: 1) Health literacy screening using BHLS or NVS, 2) Simplify communication using plain language and teach-back method, 3) Use visual aids, pictures, and videos for education, 4) Limit information to 3-5 key points per session, 5) Provide written materials at 5th-6th grade reading level, 6) Medication counseling with clear instructions and demonstration, 7) Navigation support for healthcare system, 8) Culturally appropriate education materials, 9) Family involvement in education when appropriate.","Improved patient understanding of health conditions and treatments (>90% teach-back success), enhanced medication adherence, better chronic disease self-management, increased healthcare utilization appropriateness, reduced hospital readmissions, improved patient satisfaction and confidence, decreased health disparities, better health outcomes across literacy levels.","Berkman ND, Sheridan SL, Donahue KE, Halpern DJ, Crotty K. Low health literacy and health outcomes: an updated systematic review. Ann Intern Med. 2011;155(2):97-107.",10.7326/0003-4819-155-2-201107190-00005,8.9,2021,Systematic Review,10000
PROT065,Evidence-Based Population Health Protocol for Chronic Pain Management (Biopsychosocial Approach) by Social Workers,Chronic Disease Management,Social Worker,Adults with chronic non-cancer pain in primary care and specialty settings,"Implement biopsychosocial approach to chronic pain management. Components include: 1) Comprehensive pain assessment including functional impact and psychosocial factors, 2) Depression and anxiety screening (PHQ-9, GAD-7), 3) Cognitive-behavioral therapy for pain management, 4) Mindfulness-based stress reduction, 5) Acceptance and commitment therapy techniques, 6) Sleep hygiene education and intervention, 7) Physical activity and exercise promotion, 8) Social support enhancement, 9) Opioid risk assessment and harm reduction, 10) Coordination with pain management team.","Reduced pain intensity and interference with daily activities, improved physical functioning and quality of life, decreased depression and anxiety symptoms, reduced opioid use and misuse, improved sleep quality, enhanced coping skills and self-efficacy, increased engagement in physical and social activities, reduced healthcare utilization for pain.","Gatchel RJ, McGeary DD, McGeary CA, Lippe B. Interdisciplinary chronic pain management: past, present, and future. Am Psychol. 2014;69(2):119-130.",10.1037/a0035514,8.3,2020,Review,0
PROT066,Evidence-Based Population Health Protocol for Postpartum Depression Screening and Support by Social Workers,Maternal Health,Social Worker,"Postpartum women in the first year after childbirth, particularly those with risk factors for depression","Implement universal postpartum depression screening and intervention program. Protocol includes: 1) Depression screening using EPDS at 2 weeks, 2 months, 4 months, and 6 months postpartum, 2) Risk assessment for infanticide and suicide, 3) Brief interpersonal therapy or CBT for mild-moderate depression, 4) Peer support and new mother support groups, 5) Lactation support and breastfeeding counseling, 6) Sleep hygiene and self-care education, 7) Partner and family education, 8) Warm referral to psychiatry for severe depression or psychosis, 9) Home visiting for high-risk mothers.","Increased postpartum depression identification (>90% screening rate), reduced depression symptoms (>50% reduction in EPDS scores), improved mother-infant bonding and attachment, enhanced breastfeeding success and duration, improved maternal functioning and parenting confidence, reduced risk of child abuse and neglect, decreased maternal suicide and infanticide, improved family well-being.","O'Connor EA, Whitlock EP, Beil TL, Gaynes BN. Screening for depression in adult patients in primary care settings: a systematic evidence review. Ann Intern Med. 2009;151(11):793-803.",10.7326/0003-4819-151-11-200912010-00007,8.8,2019,Systematic Review,5000
PROT067,Evidence-Based Population Health Protocol for Fall Prevention in Older Adults by Social Workers,Geriatrics,Social Worker,Community-dwelling adults aged 65 and older at risk for falls,"Implement multifactorial fall prevention program. Components include: 1) Fall risk screening using STEADI algorithm (Stay Independent), 2) Comprehensive fall risk assessment (gait, balance, vision, medications, home hazards), 3) Home safety evaluation and modification recommendations, 4) Exercise program referral (tai chi, balance training), 5) Medication review and deprescribing when appropriate, 6) Vision screening and correction, 7) Vitamin D supplementation recommendation, 8) Fear of falling assessment and intervention, 9) Community resource connection for fall prevention programs.","Reduced fall rates (30-40% reduction), decreased fall-related injuries and fractures, reduced fear of falling and activity restriction, improved balance and mobility, enhanced home safety, reduced emergency department visits and hospitalizations for falls, maintained independence and community living, improved quality of life and confidence.","Gillespie LD, Robertson MC, Gillespie WJ, Sherrington C, Gates S, Clemson LM, Lamb SE. Interventions for preventing falls in older people living in the community. Cochrane Database Syst Rev. 2012;(9):CD007146.",10.1002/14651858.CD007146.pub3,9.0,2018,Systematic Review,12000
PROT068,Evidence-Based Population Health Protocol for Adverse Childhood Experiences (ACEs) Screening and Intervention by Social Workers,Pediatrics,Social Worker,"Children, adolescents, and adults in healthcare and social service settings","Implement trauma-informed ACEs screening and intervention program. Protocol includes: 1) ACEs screening using validated questionnaire (10-item ACEs or PEARLS tool), 2) Trauma-informed communication of results, 3) Comprehensive assessment of current safety and well-being, 4) Psychoeducation on ACEs and toxic stress, 5) Resilience-building interventions and protective factors enhancement, 6) Parent education and positive parenting support, 7) Referral to trauma-specific treatment (TF-CBT, PCIT), 8) Connection to community supports and resources, 9) Advocacy for trauma-informed organizational practices.","Increased identification of childhood trauma and adversity, improved understanding of trauma impact on health, enhanced resilience and coping skills, reduced behavioral and emotional problems in children, improved parent-child relationships and parenting practices, decreased intergenerational transmission of trauma, improved long-term health outcomes, reduced healthcare utilization.","Substance Abuse and Mental Health Services Administration. SAMHSA's Concept of Trauma and Guidance for a Trauma-Informed Approach. HHS Publication No. (SMA) 14-4884. Rockville, MD: SAMHSA; 2014.",,8.5,2014,Clinical Guideline,0
PROT069,Evidence-Based Population Health Protocol for Emergency Department Frequent User Intervention by Social Workers,Transitions Support,Social Worker,"Adults with 4 or more emergency department visits in 12 months, often with complex medical and social needs","Implement intensive case management for ED frequent users. Services include: 1) Identification of frequent users through ED utilization data, 2) Comprehensive biopsychosocial assessment in ED or community, 3) Individualized care plan addressing medical, behavioral health, and social needs, 4) Primary care linkage and medical home establishment, 5) Behavioral health and substance use treatment connection, 6) Social determinants intervention (housing, food, transportation), 7) Care coordination across providers and systems, 8) Crisis planning and alternative resources to ED, 9) Regular follow-up and care plan adjustment.","Reduced emergency department visits (40-60% reduction), decreased hospitalizations, improved primary care engagement and continuity, enhanced chronic disease management, improved mental health and substance use outcomes, increased housing stability and social support, reduced healthcare costs, improved quality of life and patient satisfaction.","Peikes D, Chen A, Schore J, Brown R. Effects of care coordination on hospitalization, quality of care, and health care expenditures among Medicare beneficiaries: 15 randomized trials. JAMA. 2009;301(6):603-618.",10.1001/jama.2009.126,8.8,2020,Meta-analysis,18000
PROT070,Evidence-Based Population Health Protocol for Diabetes Self-Management Support by Social Workers,Diabetes,Social Worker,"Adults with Type 2 diabetes, particularly those with poor glycemic control and psychosocial barriers","Implement comprehensive diabetes self-management support program. Components include: 1) Diabetes distress screening using DDS-17, 2) Depression and anxiety screening, 3) Social determinants assessment (food insecurity, medication costs), 4) Diabetes self-management education (DSME) on nutrition, exercise, monitoring, 5) Problem-solving therapy for diabetes-related challenges, 6) Medication adherence counseling and financial assistance, 7) Care coordination with diabetes care team, 8) Peer support groups and community resources, 9) Family education and involvement.","Improved glycemic control (HbA1c reduction of 0.5-1.0%), reduced diabetes distress and improved emotional well-being, enhanced self-management behaviors (diet, exercise, monitoring, medication adherence), decreased diabetes-related complications, reduced emergency department visits and hospitalizations, improved quality of life, increased patient activation and confidence.","Norris SL, Lau J, Smith SJ, Schmid CH, Engelgau MM. Self-management education for adults with type 2 diabetes: a meta-analysis of the effect on glycemic control. Diabetes Care. 2002;25(7):1159-1171.",10.2337/diacare.25.7.1159,8.5,2019,Meta-analysis,2500
PROT071,Evidence-Based Population Health Protocol for Immigrant and Refugee Health Support by Social Workers,Social Determinants,Social Worker,"Immigrants, refugees, and asylum seekers navigating the US healthcare and social service systems","Implement culturally responsive support program for immigrants and refugees. Services include: 1) Comprehensive needs assessment addressing pre-migration trauma, acculturation stress, and resettlement challenges, 2) Healthcare system navigation and interpretation services, 3) Insurance enrollment and healthcare access support, 4) Mental health screening and trauma-informed care, 5) Social determinants intervention (housing, employment, food, legal), 6) Cultural orientation and community integration, 7) Family reunification support, 8) Connection to ethnic community organizations and mutual aid, 9) Advocacy for immigrant-friendly policies and practices.","Improved healthcare access and utilization, enhanced health insurance coverage, reduced barriers to care (language, cultural, financial), improved mental health and reduced trauma symptoms, increased social support and community integration, improved housing and employment stability, enhanced family well-being and child development, reduced health disparities among immigrant populations.","Peikes D, Chen A, Schore J, Brown R. Effects of care coordination on hospitalization, quality of care, and health care expenditures among Medicare beneficiaries: 15 randomized trials. JAMA. 2009;301(6):603-618.",10.1001/jama.2009.126,8.8,2019,Meta-analysis,18000
PROT072,Evidence-Based Population Health Protocol for Suicide Risk Assessment and Safety Planning by Social Workers,Mental Health,Social Worker,"Adolescents and adults at risk for suicide in healthcare, school, and community settings","Implement comprehensive suicide risk assessment and safety planning protocol. Components include: 1) Universal suicide screening using Columbia-Suicide Severity Rating Scale (C-SSRS) or ASQ, 2) Comprehensive risk and protective factors assessment, 3) Means restriction counseling (firearms, medications), 4) Collaborative safety planning using Stanley-Brown Safety Plan, 5) Crisis resources and emergency contact information, 6) Caring contacts and follow-up after high-risk episodes, 7) Evidence-based treatment (DBT, CBT for suicide prevention), 8) Family psychoeducation and support, 9) Coordination with mental health providers and crisis services.","Reduced suicide attempts and deaths, improved identification of suicide risk, enhanced safety planning and means restriction, increased treatment engagement for suicidal individuals, improved family knowledge and support, reduced emergency department visits and hospitalizations for suicidal crises, enhanced patient hope and reasons for living, improved long-term mental health outcomes.","Peikes D, Chen A, Schore J, Brown R. Effects of care coordination on hospitalization, quality of care, and health care expenditures among Medicare beneficiaries: 15 randomized trials. JAMA. 2009;301(6):603-618.",10.1001/jama.2009.126,8.8,2018,Meta-analysis,18000
PROT073,Evidence-Based Population Health Protocol for Chronic Kidney Disease Education and Support by Social Workers,CKD,Social Worker,Adults with stages 3-5 chronic kidney disease and end-stage renal disease,"Implement comprehensive CKD education and psychosocial support program. Services include: 1) CKD education on disease progression, diet, and lifestyle modifications, 2) Depression and anxiety screening and intervention, 3) Advance care planning and treatment modality education (dialysis, transplant, conservative management), 4) Dialysis preparation and access planning, 5) Transplant evaluation and living donor education, 6) Medication adherence support and financial assistance, 7) Dietary counseling and fluid management, 8) Employment and disability benefits navigation, 9) Caregiver support and family education.","Improved CKD knowledge and self-management, enhanced shared decision-making for treatment modalities, increased advance directive completion, improved mental health outcomes, reduced depression and anxiety, enhanced quality of life, improved medication and dietary adherence, increased transplant referrals and living donor transplants, reduced hospitalizations, improved dialysis outcomes.","Peikes D, Chen A, Schore J, Brown R. Effects of care coordination on hospitalization, quality of care, and health care expenditures among Medicare beneficiaries: 15 randomized trials. JAMA. 2009;301(6):603-618.",10.1001/jama.2009.126,8.8,2014,Meta-analysis,18000
PROT074,Evidence-Based Population Health Protocol for LGBTQ+ Affirming Care by Social Workers,Social Determinants,Social Worker,LGBTQ+ individuals across the lifespan in healthcare and community settings,"Implement LGBTQ+ affirming and culturally competent care practices. Components include: 1) Create welcoming environment with inclusive forms, signage, and policies, 2) Use correct names, pronouns, and gender-affirming language, 3) Comprehensive assessment of LGBTQ+-specific health needs and minority stress, 4) Mental health screening (depression, anxiety, suicidality) with awareness of disparities, 5) Substance use screening and intervention, 6) HIV/STI prevention and PrEP education, 7) Gender-affirming care coordination for transgender individuals, 8) Family acceptance and support interventions, 9) Connection to LGBTQ+ community resources and support groups.","Improved healthcare access and utilization among LGBTQ+ individuals, reduced healthcare avoidance and discrimination experiences, enhanced mental health outcomes and reduced suicidality, improved substance use outcomes, increased HIV/STI testing and prevention, improved family acceptance and support, enhanced quality of life and well-being, reduced health disparities for LGBTQ+ populations.","Institute of Medicine. The Health of Lesbian, Gay, Bisexual, and Transgender People: Building a Foundation for Better Understanding. Washington, DC: The National Academies Press; 2011.",10.17226/13128,8.5,2011,Expert Consensus Report,0
PROT075,Evidence-Based Population Health Protocol for Opioid Use Disorder Care Coordination by Social Workers,Substance Use,Social Worker,"Adults with opioid use disorder in primary care, emergency department, and community settings","Implement comprehensive opioid use disorder treatment and recovery support. Services include: 1) Opioid use screening and assessment using DSM-5 criteria, 2) Overdose risk assessment and naloxone distribution, 3) Medication for opioid use disorder (MOUD) initiation and coordination (buprenorphine, methadone, naltrexone), 4) Psychosocial treatment (counseling, CBT, contingency management), 5) Harm reduction education and syringe services, 6) Infectious disease screening (HIV, HCV, HBV), 7) Social determinants intervention, 8) Peer recovery support services, 9) Relapse prevention and long-term recovery planning.","Increased MOUD treatment initiation and retention (>60% retained at 6 months), reduced opioid use and cravings, decreased overdose deaths, improved mental health and quality of life, reduced infectious disease transmission, enhanced social functioning and employment, decreased criminal justice involvement, improved family relationships, long-term recovery and sustained remission.","Peikes D, Chen A, Schore J, Brown R. Effects of care coordination on hospitalization, quality of care, and health care expenditures among Medicare beneficiaries: 15 randomized trials. JAMA. 2009;301(6):603-618.",10.1001/jama.2009.126,8.8,2020,Meta-analysis,18000
PROT076,Evidence-Based Population Health Protocol for Cultural Mediation and Health System Navigation by Community Health Workers,Social Determinants,Community Health Worker,Culturally diverse populations with limited health system access and health literacy barriers,Cultural mediation between patients and healthcare systems; health system navigation; interpretation of medical information in culturally appropriate ways; bridging communication gaps; addressing cultural beliefs affecting health behaviors; connecting patients to culturally appropriate resources,"Cultural assessment tools; Health literacy screening (REALM, NVS); Language proficiency assessment; Health system navigation barriers assessment","Kim K, Choi JS, Choi E, Nieman CL, Joo JH, Lin FR, Gitlin LN, Han HR. Effects of Community-Based Health Worker Interventions to Improve Chronic Disease Management and Care Among Vulnerable Populations: A Systematic Review. Am J Public Health. 2016;106(4):e3-e28.",10.2105/AJPH.2015.302987,8.7,892,Systematic Review,7000
PROT077,Evidence-Based Population Health Protocol for Community Outreach and Engagement by Community Health Workers,Preventive Care,Community Health Worker,Hard-to-reach populations; Underserved communities; Individuals disconnected from healthcare services,Door-to-door outreach; Community events and health fairs; Trusted relationship building; Identifying community health needs; Connecting individuals to services; Health education in community settings; Enrollment assistance for health insurance and programs,Community needs assessment; Social determinants screening; Health insurance coverage assessment; Barriers to care assessment,"Kim K, Choi JS, Choi E, Nieman CL, Joo JH, Lin FR, Gitlin LN, Han HR. Effects of Community-Based Health Worker Interventions to Improve Chronic Disease Management and Care Among Vulnerable Populations: A Systematic Review. Am J Public Health. 2016;106(4):e3-e28.",10.2105/AJPH.2015.302987,8.7,2016,Systematic Review,7000
PROT078,Evidence-Based Population Health Protocol for Medication Adherence Support by Community Health Workers,Medication Management,Community Health Worker,"Adults with chronic diseases (hypertension, diabetes, cardiovascular disease) with medication non-adherence","Medication adherence education and coaching; Identifying and addressing adherence barriers (cost, side effects, forgetfulness, health literacy); Motivational interviewing for behavior change; Medication reminder systems; Home visits to assess medication-taking environment; Referral to pharmacists for clinical issues; Follow-up support","Medication adherence scales (MMAS-8, MARS); Barriers to adherence assessment; Health literacy screening; Medication knowledge assessment","Kim K, Choi JS, Choi E, Nieman CL, Joo JH, Lin FR, Gitlin LN, Han HR. Effects of Community-Based Health Worker Interventions to Improve Chronic Disease Management and Care Among Vulnerable Populations: A Systematic Review. Am J Public Health. 2016;106(4):e3-e28.",10.2105/AJPH.2015.302987,8.7,109,Systematic Review,7000
PROT079,Evidence-Based Population Health Protocol for Diabetes Self-Management Support by Community Health Workers,Diabetes,Community Health Worker,"Adults with Type 2 diabetes in Medicaid populations, particularly Hispanic/Latino and African American communities",Diabetes self-management education; Blood glucose monitoring support; Healthy eating and physical activity coaching; Medication adherence support; Foot care education; Complication prevention education; Culturally tailored interventions; Home visits and telephone support; Connection to diabetes resources,HbA1c monitoring; Diabetes knowledge assessment; Self-care behavior assessment (SDSCA); Diabetes distress scale,"Kim K, Choi JS, Choi E, Nieman CL, Joo JH, Lin FR, Gitlin LN, Han HR. Effects of Community-Based Health Worker Interventions to Improve Chronic Disease Management and Care Among Vulnerable Populations: A Systematic Review. Am J Public Health. 2016;106(4):e3-e28.",10.2105/AJPH.2015.302987,8.7,312,Systematic Review,7000
PROT080,Evidence-Based Population Health Protocol for Hypertension Management Support by Community Health Workers,Cardiovascular,Community Health Worker,"Adults with hypertension in underserved communities, particularly racial/ethnic minorities","Blood pressure monitoring and tracking; Hypertension education; Medication adherence support; Lifestyle modification coaching (diet, exercise, stress management); Home blood pressure monitoring training; Referral for uncontrolled hypertension; Social support and motivation",Blood pressure measurement; Medication adherence assessment; Dietary assessment (DASH diet); Physical activity assessment; Stress assessment,"Kim K, Choi JS, Choi E, Nieman CL, Joo JH, Lin FR, Gitlin LN, Han HR. Effects of Community-Based Health Worker Interventions to Improve Chronic Disease Management and Care Among Vulnerable Populations: A Systematic Review. Am J Public Health. 2016;106(4):e3-e28.",10.2105/AJPH.2015.302987,8.7,1461,Systematic Review,7000
PROT081,Evidence-Based Population Health Protocol for Asthma Management Support by Community Health Workers,Asthma/COPD,Community Health Worker,Children and adults with asthma in urban and underserved communities,"Asthma education and self-management support; Home environmental assessment and remediation (triggers, allergens); Medication adherence support; Inhaler technique training; Asthma action plan implementation; Peak flow monitoring education; Connection to asthma resources; School-based asthma support",Asthma Control Test (ACT); Peak flow monitoring; Environmental trigger assessment; Medication adherence assessment; Inhaler technique assessment,"Kim K, Choi JS, Choi E, Nieman CL, Joo JH, Lin FR, Gitlin LN, Han HR. Effects of Community-Based Health Worker Interventions to Improve Chronic Disease Management and Care Among Vulnerable Populations: A Systematic Review. Am J Public Health. 2016;106(4):e3-e28.",10.2105/AJPH.2015.302987,8.7,1068,Systematic Review,7000
PROT082,Evidence-Based Population Health Protocol for Maternal and Child Health Support by Community Health Workers,Maternal Health,Community Health Worker,"Pregnant women and new mothers in underserved communities, particularly those with social risk factors",Prenatal care engagement and adherence; Prenatal education and preparation for childbirth; Breastfeeding support and education; Postpartum depression screening and support; Well-child visit promotion; Immunization education and tracking; Safe sleep education; Parenting support; Connection to WIC and other resources,Prenatal risk assessment; Edinburgh Postnatal Depression Scale (EPDS); Breastfeeding assessment; Developmental screening (ASQ); Social support assessment,"Kim K, Choi JS, Choi E, Nieman CL, Joo JH, Lin FR, Gitlin LN, Han HR. Effects of Community-Based Health Worker Interventions to Improve Chronic Disease Management and Care Among Vulnerable Populations: A Systematic Review. Am J Public Health. 2016;106(4):e3-e28.",10.2105/AJPH.2015.302987,8.7,2847,Systematic Review,7000
PROT083,Evidence-Based Population Health Protocol for Chronic Disease Self-Management Support by Community Health Workers,Chronic Disease Management,Community Health Worker,"Adults with multiple chronic conditions (diabetes, hypertension, heart disease, COPD) in underserved populations",Chronic disease self-management education using evidence-based programs; Goal-setting and action planning; Problem-solving skills training; Symptom monitoring and management; Medication adherence support; Lifestyle modification coaching; Care coordination support; Peer support facilitation,Patient Activation Measure (PAM); Self-efficacy scales; Chronic disease-specific assessments; Quality of life measures (SF-12); Healthcare utilization tracking,"Kim K, Choi JS, Choi E, Nieman CL, Joo JH, Lin FR, Gitlin LN, Han HR. Effects of Community-Based Health Worker Interventions to Improve Chronic Disease Management and Care Among Vulnerable Populations: A Systematic Review. Am J Public Health. 2016;106(4):e3-e28.",10.2105/AJPH.2015.302987,8.7,446,Systematic Review,7000
PROT084,Evidence-Based Population Health Protocol for Care Transitions Support by Community Health Workers,Transitions Support,Community Health Worker,"Adults transitioning from hospital to home, particularly those with chronic conditions and social risk factors",Post-discharge home visits within 48-72 hours; Medication reconciliation support (ensuring patient understands discharge medications and referring to pharmacist for clinical issues); Discharge instruction review and reinforcement; Follow-up appointment scheduling and transportation assistance; Identifying and addressing barriers to recovery; Connection to community resources; Communication with healthcare team,Post-discharge needs assessment; Medication understanding assessment; Social determinants screening; Barriers to follow-up assessment; Red flags screening,"Kim K, Choi JS, Choi E, Nieman CL, Joo JH, Lin FR, Gitlin LN, Han HR. Effects of Community-Based Health Worker Interventions to Improve Chronic Disease Management and Care Among Vulnerable Populations: A Systematic Review. Am J Public Health. 2016;106(4):e3-e28.",10.2105/AJPH.2015.302987,8.7,749,Systematic Review,7000
PROT085,Evidence-Based Population Health Protocol for Health Behavior Change Coaching by Community Health Workers,Preventive Care,Community Health Worker,Adults at risk for chronic diseases or with existing chronic conditions needing lifestyle modifications,Motivational interviewing for behavior change; Goal-setting and action planning; Healthy eating education and support; Physical activity promotion and support; Weight management coaching; Smoking cessation support; Stress management techniques; Tracking progress and celebrating successes; Addressing barriers to behavior change,Readiness to change assessment; Dietary assessment; Physical activity assessment; Smoking status and readiness to quit; Stress assessment; BMI and weight tracking,"Kim K, Choi JS, Choi E, Nieman CL, Joo JH, Lin FR, Gitlin LN, Han HR. Effects of Community-Based Health Worker Interventions to Improve Chronic Disease Management and Care Among Vulnerable Populations: A Systematic Review. Am J Public Health. 2016;106(4):e3-e28.",10.2105/AJPH.2015.302987,8.7,197,Systematic Review,7000
PROT086,Evidence-Based Population Health Protocol for Cancer Screening Navigation by Community Health Workers,Preventive Care,Community Health Worker,"Adults due for cancer screening (breast, cervical, colorectal) in underserved communities with low screening rates","Cancer screening education and awareness; Addressing barriers to screening (fear, cost, transportation, cultural beliefs); Scheduling assistance; Appointment reminders; Transportation coordination; Navigation through screening process; Follow-up support for abnormal results; Connection to treatment resources; Culturally tailored interventions",Screening eligibility assessment; Barriers to screening assessment; Cancer knowledge assessment; Cultural beliefs assessment; Screening completion tracking,"Kim K, Choi JS, Choi E, Nieman CL, Joo JH, Lin FR, Gitlin LN, Han HR. Effects of Community-Based Health Worker Interventions to Improve Chronic Disease Management and Care Among Vulnerable Populations: A Systematic Review. Am J Public Health. 2016;106(4):e3-e28.",10.2105/AJPH.2015.302987,8.7,5556,Systematic Review,7000
PROT087,Evidence-Based Population Health Protocol for Social Needs Screening and Resource Connection by Community Health Workers,Social Determinants,Community Health Worker,"Individuals and families with unmet social needs affecting health (food, housing, transportation, utilities, safety)","Comprehensive social needs screening; Resource identification and connection; Application assistance for benefits programs (SNAP, housing, utilities); Transportation coordination; Food pantry and meal program connection; Housing assistance navigation; Utility assistance; Legal aid referrals; Follow-up to ensure connection to resources","Social determinants screening tools (PRAPARE, AHC screening tool); Food security assessment (USDA 6-item); Housing stability assessment; Financial strain assessment","Kim K, Choi JS, Choi E, Nieman CL, Joo JH, Lin FR, Gitlin LN, Han HR. Effects of Community-Based Health Worker Interventions to Improve Chronic Disease Management and Care Among Vulnerable Populations: A Systematic Review. Am J Public Health. 2016;106(4):e3-e28.",10.2105/AJPH.2015.302987,8.7,445,Systematic Review,7000
PROT088,Evidence-Based Population Health Protocol for Mental Health Support and Navigation by Community Health Workers,Mental Health,Community Health Worker,Individuals with mental health conditions or at risk for mental health issues in underserved communities,Mental health screening and assessment; Psychoeducation about mental health conditions; Reducing mental health stigma; Navigation to mental health services; Appointment scheduling and follow-up support; Medication adherence support for psychiatric medications; Crisis resource connection; Peer support facilitation; Addressing social determinants affecting mental health,PHQ-9 (depression screening); GAD-7 (anxiety screening); Mental health service barriers assessment; Social support assessment; Stigma assessment,"Kim K, Choi JS, Choi E, Nieman CL, Joo JH, Lin FR, Gitlin LN, Han HR. Effects of Community-Based Health Worker Interventions to Improve Chronic Disease Management and Care Among Vulnerable Populations: A Systematic Review. Am J Public Health. 2016;106(4):e3-e28.",10.2105/AJPH.2015.302987,8.7,234,Systematic Review,7000
PROT089,Evidence-Based Population Health Protocol for Chronic Pain Self-Management Support by Community Health Workers,Chronic Disease Management,Community Health Worker,Adults with chronic pain conditions in underserved communities,"Chronic pain self-management education; Non-pharmacological pain management strategies (relaxation, mindfulness, pacing); Physical activity and exercise support; Medication adherence support (non-opioid approaches); Sleep hygiene education; Stress management; Goal-setting for functional improvement; Connection to pain management resources; Addressing social determinants affecting pain","Pain intensity scales (NRS, VAS); Pain interference assessment (BPI); Pain catastrophizing scale; Physical function assessment; Sleep quality assessment; Depression screening","Kim K, Choi JS, Choi E, Nieman CL, Joo JH, Lin FR, Gitlin LN, Han HR. Effects of Community-Based Health Worker Interventions to Improve Chronic Disease Management and Care Among Vulnerable Populations: A Systematic Review. Am J Public Health. 2016;106(4):e3-e28.",10.2105/AJPH.2015.302987,8.7,401,Systematic Review,7000
PROT090,Evidence-Based Population Health Protocol for Cardiovascular Disease Prevention by Community Health Workers,Cardiovascular,Community Health Worker,Adults at high risk for cardiovascular disease in underserved communities,"Cardiovascular risk assessment and education; Blood pressure and cholesterol screening; Lifestyle modification support (diet, exercise, smoking cessation); Medication adherence for preventive medications (statins, antihypertensives); Weight management support; Stress management; Connection to primary care for risk factor management; Culturally tailored heart health education",Cardiovascular risk calculators (ASCVD risk); Blood pressure measurement; Lipid screening; BMI assessment; Lifestyle assessment; Medication adherence assessment,"Kim K, Choi JS, Choi E, Nieman CL, Joo JH, Lin FR, Gitlin LN, Han HR. Effects of Community-Based Health Worker Interventions to Improve Chronic Disease Management and Care Among Vulnerable Populations: A Systematic Review. Am J Public Health. 2016;106(4):e3-e28.",10.2105/AJPH.2015.302987,8.7,206,Systematic Review,7000
PROT091,Evidence-Based Population Health Protocol for Comprehensive Care Coordination for Complex Patients by Care Coordinators,Chronic Disease Management,Care Coordinator,"Adults with multiple chronic conditions, high healthcare utilization, and complex medical and social needs","Comprehensive needs assessment; Care plan development and implementation; Coordination across multiple providers and settings; Medication management coordination (ensuring reconciliation occurs, not performing clinical review); Appointment scheduling and tracking; Barrier identification and problem-solving; Resource connection; Patient and family education; Communication with care team; Care plan monitoring and adjustment",Comprehensive health assessment; Social determinants screening; Healthcare utilization tracking; Care coordination complexity assessment; Patient activation measure,"Peikes D, Chen A, Schore J, Brown R. Effects of care coordination on hospitalization, quality of care, and health care expenditures among Medicare beneficiaries: 15 randomized trials. JAMA. 2009;301(6):603-618.",10.1001/jama.2009.126,8.8,2009,Meta-analysis,18000
PROT092,Evidence-Based Population Health Protocol for Hospital-to-Home Care Transitions by Care Coordinators,Transitions Support,Care Coordinator,"Adults discharged from hospital to home, particularly those at high risk for readmission",Pre-discharge planning and coordination; Discharge summary review; Post-discharge follow-up within 48-72 hours; Medication reconciliation coordination (ensuring pharmacist involvement for clinical review); Follow-up appointment scheduling; Discharge instruction reinforcement; Identifying and addressing post-discharge barriers; Communication between hospital and outpatient providers; Monitoring for warning signs; Connection to community resources,"Hospital readmission risk assessment (LACE index, HOSPITAL score); Post-discharge needs assessment; Medication understanding assessment; Barriers to follow-up assessment; Red flags monitoring","Coleman EA, Parry C, Chalmers S, Min SJ. The care transitions intervention: results of a randomized controlled trial. Arch Intern Med. 2006;166(17):1822-1828.",10.1001/archinte.166.17.1822,8.6,2006,Randomized Controlled Trial,750
PROT093,Evidence-Based Population Health Protocol for Chronic Disease Care Coordination by Care Coordinators,Chronic Disease Management,Care Coordinator,"Adults with chronic diseases (diabetes, heart failure, COPD, CKD) requiring ongoing care coordination",Development of individualized care plans; Coordination of specialty and primary care appointments; Monitoring of disease-specific metrics; Medication adherence tracking and support; Patient education and self-management support; Care team communication; Preventive care coordination; Addressing social determinants affecting disease management; Crisis prevention and early intervention,Disease-specific assessments; Self-management behavior assessment; Quality of life measures; Healthcare utilization tracking; Care plan adherence monitoring,"Peikes D, Chen A, Schore J, Brown R. Effects of care coordination on hospitalization, quality of care, and health care expenditures among Medicare beneficiaries: 15 randomized trials. JAMA. 2009;301(6):603-618.",10.1001/jama.2009.126,8.8,2009,Meta-analysis,18000
PROT094,Evidence-Based Population Health Protocol for Medication Management Coordination by Care Coordinators,Medication Management,Care Coordinator,"Adults with complex medication regimens, polypharmacy, or medication-related problems","Coordinating medication reconciliation at care transitions (ensuring pharmacist performs clinical review); Tracking medication changes across providers; Facilitating communication about medications between providers; Identifying patients needing pharmacist consultation; Coordinating medication therapy management services; Addressing medication access barriers (cost, insurance); Monitoring for medication adherence issues and referring to appropriate resources; Patient education about importance of medication reconciliation",Medication list review; Polypharmacy assessment; Medication access barriers screening; Medication adherence screening; High-risk medication identification,"Peikes D, Chen A, Schore J, Brown R. Effects of care coordination on hospitalization, quality of care, and health care expenditures among Medicare beneficiaries: 15 randomized trials. JAMA. 2009;301(6):603-618.",10.1001/jama.2009.126,8.8,2012,Meta-analysis,18000
PROT095,Evidence-Based Population Health Protocol for Primary Care-Specialty Care Coordination by Care Coordinators,Chronic Disease Management,Care Coordinator,Adults requiring specialty care for complex or multiple chronic conditions,Facilitating referrals to specialists; Scheduling specialty appointments; Ensuring information exchange between primary and specialty care; Tracking specialist recommendations; Coordinating implementation of specialty care plans; Resolving conflicting recommendations; Ensuring test results are communicated; Preventing care fragmentation; Supporting patient navigation across care settings,Care coordination complexity assessment; Communication gaps assessment; Referral completion tracking; Care plan concordance assessment,"Peikes D, Chen A, Schore J, Brown R. Effects of care coordination on hospitalization, quality of care, and health care expenditures among Medicare beneficiaries: 15 randomized trials. JAMA. 2009;301(6):603-618.",10.1001/jama.2009.126,8.8,2009,Meta-analysis,18000
PROT096,Evidence-Based Population Health Protocol for Behavioral Health Integration Coordination by Care Coordinators,Mental Health,Care Coordinator,Adults with comorbid medical and behavioral health conditions requiring integrated care,Coordinating medical and behavioral health services; Facilitating communication between medical and behavioral health providers; Addressing barriers to behavioral health treatment; Coordinating medication management for psychiatric and medical conditions; Supporting integrated care plans; Monitoring for both medical and behavioral health outcomes; Addressing social determinants affecting both conditions; Crisis planning and coordination,"PHQ-9, GAD-7; Chronic disease assessments; Integrated care assessment; Barriers to behavioral health care; Care coordination needs assessment","Woltmann E, Grogan-Kaylor A, Perron B, Georges H, Kilbourne AM, Bauer MS. Comparative effectiveness of collaborative chronic care models for mental health conditions across primary, specialty, and behavioral health care settings: systematic review and meta-analysis. Am J Psychiatry. 2012;169(8):790-804.",10.1176/appi.ajp.2012.11111616,9.0,2012,Systematic Review and Meta-analysis,11000
PROT097,Evidence-Based Population Health Protocol for Preventive Care Coordination by Care Coordinators,Preventive Care,Care Coordinator,"Adults due for preventive services (screenings, immunizations, wellness visits)",Identifying patients due for preventive services; Outreach and patient education about preventive care; Scheduling preventive care appointments; Addressing barriers to preventive care; Tracking completion of preventive services; Coordinating follow-up for abnormal screening results; Supporting care team in meeting quality metrics; Patient navigation for preventive services,Preventive care gap analysis; Barriers to preventive care assessment; Screening eligibility assessment; Quality metric tracking,"Peikes D, Chen A, Schore J, Brown R. Effects of care coordination on hospitalization, quality of care, and health care expenditures among Medicare beneficiaries: 15 randomized trials. JAMA. 2009;301(6):603-618.",10.1001/jama.2009.126,8.8,2009,Meta-analysis,18000
PROT098,Evidence-Based Population Health Protocol for Palliative Care Coordination by Care Coordinators,Geriatrics,Care Coordinator,Adults with serious illness requiring palliative care services,Identifying patients who would benefit from palliative care; Facilitating referrals to palliative care services; Coordinating goals of care discussions; Supporting advance care planning; Coordinating symptom management across providers; Facilitating communication about prognosis and treatment options; Supporting patients and families through difficult decisions; Coordinating hospice transitions when appropriate; Ensuring continuity of care,Palliative care screening tools; Symptom assessment scales; Quality of life measures; Advance care planning documentation; Caregiver burden assessment,"Peikes D, Chen A, Schore J, Brown R. Effects of care coordination on hospitalization, quality of care, and health care expenditures among Medicare beneficiaries: 15 randomized trials. JAMA. 2009;301(6):603-618.",10.1001/jama.2009.126,8.8,2010,Meta-analysis,18000
PROT099,Evidence-Based Population Health Protocol for Pediatric Care Coordination by Care Coordinators,Pediatrics,Care Coordinator,"Children with special healthcare needs, chronic conditions, or complex medical needs",Comprehensive family-centered care planning; Coordination of medical home services; Facilitating communication between pediatric specialists and primary care; School health coordination; Developmental services coordination; Family support and education; Transition planning for adolescents; Addressing social determinants affecting child health; Care team communication; Resource connection,Children with Special Health Care Needs (CSHCN) Screener; Developmental screening; Family needs assessment; Care coordination complexity assessment; School functioning assessment,"Peikes D, Chen A, Schore J, Brown R. Effects of care coordination on hospitalization, quality of care, and health care expenditures among Medicare beneficiaries: 15 randomized trials. JAMA. 2009;301(6):603-618.",10.1001/jama.2009.126,8.8,2009,Meta-analysis,18000
PROT100,Evidence-Based Population Health Protocol for Social Determinants Care Coordination by Care Coordinators,Social Determinants,Care Coordinator,Individuals and families with health-related social needs affecting health outcomes,Comprehensive social determinants screening; Assessing impact of social needs on health; Care plan integration of social needs; Coordinating referrals to community and social services; Partnering with community health workers and social workers; Tracking social needs interventions; Addressing barriers to accessing social services; Advocating for patients with social service agencies; Monitoring outcomes of social interventions,"Social determinants screening tools (PRAPARE, AHC); Food security assessment; Housing stability assessment; Transportation barriers; Financial strain assessment","Peikes D, Chen A, Schore J, Brown R. Effects of care coordination on hospitalization, quality of care, and health care expenditures among Medicare beneficiaries: 15 randomized trials. JAMA. 2009;301(6):603-618.",10.1001/jama.2009.126,8.8,2009,Meta-analysis,18000
PROT101,Evidence-Based Population Health Protocol for Heart Failure Care Coordination by Care Coordinators,Heart Failure,Care Coordinator,"Adults with heart failure, particularly those at high risk for hospitalization",Development of heart failure-specific care plans; Daily weight monitoring coordination; Symptom monitoring and early intervention; Medication adherence support and coordination; Dietary education and sodium restriction support; Fluid management education; Coordination of cardiology and primary care; Post-discharge follow-up; Patient and family education; Early identification of decompensation; Timely communication with providers,NYHA classification; Kansas City Cardiomyopathy Questionnaire; Daily weight tracking; Symptom assessment; Medication adherence assessment; Self-care behavior assessment,"Peikes D, Chen A, Schore J, Brown R. Effects of care coordination on hospitalization, quality of care, and health care expenditures among Medicare beneficiaries: 15 randomized trials. JAMA. 2009;301(6):603-618.",10.1001/jama.2009.126,8.8,2009,Meta-analysis,18000
PROT102,Evidence-Based Population Health Protocol for Care Coordination for Frequent Emergency Department Users by Care Coordinators,Transitions Support,Care Coordinator,Adults with frequent ED visits (4+ visits per year) often related to chronic conditions and social needs,Comprehensive assessment of ED utilization patterns and drivers; Development of individualized care plans addressing medical and social needs; Establishing primary care connection; Coordinating specialty care; Addressing social determinants; Crisis planning and alternative resources; Care team communication; Patient education about appropriate ED use; Medication management coordination; Mental health and substance use services coordination,ED utilization tracking; Comprehensive health assessment; Social determinants screening; Mental health and substance use screening; Barriers to primary care assessment,"Peikes D, Chen A, Schore J, Brown R. Effects of care coordination on hospitalization, quality of care, and health care expenditures among Medicare beneficiaries: 15 randomized trials. JAMA. 2009;301(6):603-618.",10.1001/jama.2009.126,8.8,2009,Meta-analysis,18000
PROT103,Evidence-Based Population Health Protocol for Telehealth Care Coordination by Care Coordinators,Chronic Disease Management,Care Coordinator,Adults with chronic conditions requiring remote monitoring and care coordination,"Coordinating telehealth services and remote monitoring; Patient education about telehealth technology; Troubleshooting technology barriers; Monitoring remote patient data (vital signs, symptoms); Triaging alerts and communicating with providers; Coordinating virtual visits; Ensuring continuity between in-person and virtual care; Addressing digital literacy and access barriers; Care plan monitoring via telehealth platforms",Remote monitoring data review; Technology literacy assessment; Digital access barriers assessment; Chronic disease-specific assessments; Patient satisfaction with telehealth,"Peikes D, Chen A, Schore J, Brown R. Effects of care coordination on hospitalization, quality of care, and health care expenditures among Medicare beneficiaries: 15 randomized trials. JAMA. 2009;301(6):603-618.",10.1001/jama.2009.126,8.8,2009,Meta-analysis,18000
PROT104,Evidence-Based Population Health Protocol for Care Coordination for Patients with Limited English Proficiency by Care Coordinators,Social Determinants,Care Coordinator,Patients with limited English proficiency requiring language-concordant care coordination,Coordinating interpreter services for appointments; Ensuring language-concordant written materials; Facilitating communication between patients and providers; Addressing health literacy in context of language barriers; Coordinating culturally appropriate services; Advocating for language access; Care plan development with interpreter support; Connecting to community resources for language-specific populations; Ensuring informed consent with appropriate interpretation,Language proficiency assessment; Health literacy assessment; Interpreter services utilization tracking; Cultural assessment; Barriers to care assessment,"Peikes D, Chen A, Schore J, Brown R. Effects of care coordination on hospitalization, quality of care, and health care expenditures among Medicare beneficiaries: 15 randomized trials. JAMA. 2009;301(6):603-618.",10.1001/jama.2009.126,8.8,2009,Meta-analysis,18000
PROT105,Evidence-Based Population Health Protocol for Care Coordination for Older Adults with Multiple Chronic Conditions by Care Coordinators,Geriatrics,Care Coordinator,Older adults (65+) with multiple chronic conditions and complex care needs,Comprehensive geriatric assessment coordination; Medication management coordination (polypharmacy review by pharmacist); Fall risk assessment and prevention coordination; Cognitive screening and dementia care coordination; Functional assessment and support; Caregiver support coordination; Advance care planning facilitation; Coordinating multiple specialists and primary care; Preventing care fragmentation; Social support and community resource connection,"Comprehensive geriatric assessment; Medication appropriateness (STOPP/START criteria review by pharmacist); Fall risk assessment; Cognitive screening (MMSE, MoCA); Functional assessment (ADLs, IADLs); Caregiver burden assessment","Peikes D, Chen A, Schore J, Brown R. Effects of care coordination on hospitalization, quality of care, and health care expenditures among Medicare beneficiaries: 15 randomized trials. JAMA. 2009;301(6):603-618.",10.1001/jama.2009.126,8.8,2009,Meta-analysis,18000
PROT106,Evidence-Based Protocol for Anticoagulation Management by Clinical Pharmacists,Medication Management,Clinical Pharmacist,Adults on warfarin or direct oral anticoagulants (DOACs) in ambulatory care settings,INR monitoring; bleeding and thrombosis risk assessment using HAS-BLED and CHA2DS2-VASc scores; medication adherence assessment; drug-drug and drug-food interaction screening,Warfarin dose adjustment based on INR; DOAC selection and dosing; patient education on anticoagulation therapy; dietary counseling (vitamin K); bleeding precautions education; coordination with prescribers for dose changes,"Chisholm-Burns MA, Kim Lee J, Spivey CA, Slack M, Herrier RN, Hall-Lipsy E, Graff Zivin J, Abraham I, Palmer J, Martin JR, Kramer SS, Wunz T. US pharmacists' effect as team members on patient care: systematic review and meta-analyses. Med Care. 2010;48(10):923-933.",10.1097/MLR.0b013e3181e57962,8.8,2019,Systematic Review and Meta-analysis,8000
PROT107,Evidence-Based Protocol for Comprehensive Medication Review by Clinical Pharmacists,Medication Management,Clinical Pharmacist,"Adults with polypharmacy (≥5 medications) in ambulatory care, particularly elderly and those with multiple chronic conditions",Complete medication history from all sources; assessment of medication appropriateness using Beers Criteria and STOPP/START; drug-drug interaction screening; medication adherence barriers assessment; medication-related problems identification,Comprehensive medication review; medication therapy optimization; deprescribing inappropriate medications; simplification of medication regimens; patient education and counseling; coordination with prescribers for medication changes; follow-up monitoring,"Chisholm-Burns MA, Kim Lee J, Spivey CA, Slack M, Herrier RN, Hall-Lipsy E, Graff Zivin J, Abraham I, Palmer J, Martin JR, Kramer SS, Wunz T. US pharmacists' effect as team members on patient care: systematic review and meta-analyses. Med Care. 2010;48(10):923-933.",10.1097/MLR.0b013e3181e57962,8.8,2020,Systematic Review and Meta-analysis,8000
PROT108,Evidence-Based Protocol for Diabetes Medication Management by Clinical Pharmacists,Diabetes,Clinical Pharmacist,"Adults with type 2 diabetes in ambulatory care settings, particularly those with suboptimal glycemic control (A1C >8%)","A1C, fasting glucose, and self-monitoring blood glucose review; diabetes medication regimen review; assessment of hypoglycemia risk and episodes; cardiovascular risk assessment; renal function assessment for medication dosing; medication adherence and barriers assessment","Diabetes medication initiation, titration, and optimization per collaborative practice agreement; insulin initiation and dose adjustment; GLP-1 agonist and SGLT2 inhibitor selection and management; hypoglycemia prevention and management education; lifestyle modification counseling; continuous glucose monitoring support","Chisholm-Burns MA, Kim Lee J, Spivey CA, Slack M, Herrier RN, Hall-Lipsy E, Graff Zivin J, Abraham I, Palmer J, Martin JR, Kramer SS, Wunz T. US pharmacists' effect as team members on patient care: systematic review and meta-analyses. Med Care. 2010;48(10):923-933.",10.1097/MLR.0b013e3181e57962,8.8,2021,Systematic Review and Meta-analysis,8000
PROT109,Evidence-Based Protocol for Hypertension Management by Clinical Pharmacists,Cardiovascular,Clinical Pharmacist,Adults with uncontrolled hypertension (BP ≥140/90 mmHg or ≥130/80 mmHg for high-risk patients) in ambulatory care settings,"Blood pressure measurement and monitoring; cardiovascular risk assessment using ASCVD risk calculator; medication regimen review; assessment of medication adherence and barriers; lifestyle factors assessment (diet, exercise, sodium intake, alcohol use); secondary hypertension screening","Antihypertensive medication initiation and titration per collaborative practice agreement; medication optimization and combination therapy; home blood pressure monitoring education; lifestyle modification counseling (DASH diet, sodium restriction, exercise); medication adherence support; coordination with prescribers","Chisholm-Burns MA, Kim Lee J, Spivey CA, Slack M, Herrier RN, Hall-Lipsy E, Graff Zivin J, Abraham I, Palmer J, Martin JR, Kramer SS, Wunz T. US pharmacists' effect as team members on patient care: systematic review and meta-analyses. Med Care. 2010;48(10):923-933.",10.1097/MLR.0b013e3181e57962,8.8,2020,Systematic Review and Meta-analysis,8000
PROT110,Evidence-Based Protocol for Dyslipidemia Management by Clinical Pharmacists,Cardiovascular,Clinical Pharmacist,Adults with dyslipidemia requiring statin therapy or with suboptimal lipid control in ambulatory care settings,"Lipid panel review (LDL-C, HDL-C, triglycerides, total cholesterol); ASCVD risk assessment; statin benefit group determination; assessment of statin intolerance or adverse effects; medication adherence assessment; lifestyle factors assessment","Statin initiation and dose optimization per collaborative practice agreement; management of statin-associated muscle symptoms; non-statin lipid-lowering therapy (ezetimibe, PCSK9 inhibitors) when indicated; lifestyle modification counseling (diet, exercise, weight management); medication adherence support; monitoring and follow-up","Chisholm-Burns MA, Kim Lee J, Spivey CA, Slack M, Herrier RN, Hall-Lipsy E, Graff Zivin J, Abraham I, Palmer J, Martin JR, Kramer SS, Wunz T. US pharmacists' effect as team members on patient care: systematic review and meta-analyses. Med Care. 2010;48(10):923-933.",10.1097/MLR.0b013e3181e57962,8.8,2019,Systematic Review and Meta-analysis,8000
PROT111,Evidence-Based Protocol for Immunization Services by Clinical Pharmacists,Preventive Care,Clinical Pharmacist,Adults and children eligible for vaccinations in community pharmacy and ambulatory care settings,"Immunization history review; identification of vaccine gaps based on CDC/ACIP recommendations; assessment of contraindications and precautions; high-risk population identification (elderly, immunocompromised, chronic disease); vaccine hesitancy assessment","Vaccine administration (influenza, pneumococcal, shingles, Tdap, COVID-19, HPV, hepatitis, meningococcal); vaccine counseling and education; addressing vaccine hesitancy; documentation in immunization registries; adverse event monitoring and reporting; coordination with primary care providers","Chisholm-Burns MA, Kim Lee J, Spivey CA, Slack M, Herrier RN, Hall-Lipsy E, Graff Zivin J, Abraham I, Palmer J, Martin JR, Kramer SS, Wunz T. US pharmacists' effect as team members on patient care: systematic review and meta-analyses. Med Care. 2010;48(10):923-933.",10.1097/MLR.0b013e3181e57962,8.8,2020,Systematic Review and Meta-analysis,8000
PROT112,Evidence-Based Protocol for Pharmacogenomics-Guided Medication Therapy by Clinical Pharmacists,Medication Management,Clinical Pharmacist,"Adults requiring medications with known pharmacogenomic implications (e.g., warfarin, clopidogrel, codeine, SSRIs, statins)","Review of pharmacogenomic test results (CYP2C9, CYP2C19, CYP2D6, VKORC1, SLCO1B1, HLA-B*1502, HLA-B*5701); medication history review; assessment of current medication appropriateness based on genotype; identification of gene-drug interactions",Pharmacogenomic test ordering and interpretation; genotype-guided medication selection and dosing; medication therapy optimization based on genetic results; patient education about pharmacogenomics; documentation of genetic information in EHR; coordination with prescribers for medication changes,"Chisholm-Burns MA, Kim Lee J, Spivey CA, Slack M, Herrier RN, Hall-Lipsy E, Graff Zivin J, Abraham I, Palmer J, Martin JR, Kramer SS, Wunz T. US pharmacists' effect as team members on patient care: systematic review and meta-analyses. Med Care. 2010;48(10):923-933.",10.1097/MLR.0b013e3181e57962,8.8,2021,Systematic Review and Meta-analysis,8000
PROT113,Evidence-Based Protocol for Opioid Stewardship by Clinical Pharmacists,Medication Management,Clinical Pharmacist,Adults prescribed opioids for chronic pain in ambulatory care settings,"Opioid regimen review and morphine milligram equivalent (MME) calculation; assessment of opioid appropriateness and indication; prescription drug monitoring program (PDMP) review; opioid risk assessment using validated tools (ORT, SOAPP-R); assessment of concurrent benzodiazepine use; naloxone access assessment",Opioid dose optimization and tapering when appropriate; opioid rotation for improved efficacy or tolerability; naloxone co-prescribing and education; non-opioid and non-pharmacologic pain management strategies; monitoring for opioid misuse and diversion; coordination with prescribers for pain management plan; patient education on safe opioid use and disposal,"Chisholm-Burns MA, Kim Lee J, Spivey CA, Slack M, Herrier RN, Hall-Lipsy E, Graff Zivin J, Abraham I, Palmer J, Martin JR, Kramer SS, Wunz T. US pharmacists' effect as team members on patient care: systematic review and meta-analyses. Med Care. 2010;48(10):923-933.",10.1097/MLR.0b013e3181e57962,8.8,2020,Systematic Review and Meta-analysis,8000
PROT114,Evidence-Based Protocol for COPD Medication Management by Clinical Pharmacists,Asthma/COPD,Clinical Pharmacist,Adults with chronic obstructive pulmonary disease (COPD) in ambulatory care settings,"COPD severity assessment using GOLD criteria; symptom assessment using CAT or mMRC scores; exacerbation history review; inhaler technique assessment; medication adherence assessment; smoking status and cessation readiness; comorbidity assessment (cardiovascular disease, anxiety, depression)","Inhaler therapy optimization per GOLD guidelines (LAMA, LABA, ICS combinations); inhaler technique education and demonstration; smoking cessation counseling and pharmacotherapy; pulmonary rehabilitation referral; exacerbation action plan development; medication adherence support; vaccination (influenza, pneumococcal); oxygen therapy coordination when indicated","Chisholm-Burns MA, Kim Lee J, Spivey CA, Slack M, Herrier RN, Hall-Lipsy E, Graff Zivin J, Abraham I, Palmer J, Martin JR, Kramer SS, Wunz T. US pharmacists' effect as team members on patient care: systematic review and meta-analyses. Med Care. 2010;48(10):923-933.",10.1097/MLR.0b013e3181e57962,8.8,2019,Systematic Review and Meta-analysis,8000
PROT115,Evidence-Based Protocol for Chronic Care Management by Nurse Care Managers,Chronic Disease Management,Nurse Care Manager,Adults with multiple chronic conditions (≥2) in primary care and community settings,"Comprehensive health assessment including chronic disease status, functional status (ADLs, IADLs), medication review, psychosocial assessment, barriers to care, health literacy assessment, caregiver support assessment",Individualized care plan development; chronic disease self-management education and support; medication adherence monitoring and support; care coordination across providers; telephonic and virtual care management; symptom monitoring and early intervention; resource connection; patient activation and engagement,"Martínez-González NA, Djalali S, Tandjung R, Huber-Geismann F, Markun S, Wensing M, Rosemann T. Substitution of physicians by nurses in primary care: a systematic review and meta-analysis. BMC Health Serv Res. 2014;14:214.",10.1186/1472-6963-14-214,8.6,2020,Systematic Review and Meta-analysis,6000
PROT116,Evidence-Based Protocol for Heart Failure Care Management by Nurse Care Managers,Heart Failure,Nurse Care Manager,"Adults with heart failure (HFrEF or HFpEF) at risk for hospitalization, particularly those with recent hospitalization or frequent exacerbations","Heart failure severity assessment (NYHA class); symptom assessment (dyspnea, edema, weight changes); medication regimen review; guideline-directed medical therapy (GDMT) optimization assessment; self-care behaviors assessment; depression and anxiety screening; social support assessment","Heart failure self-care education (daily weights, symptom monitoring, dietary sodium restriction); medication adherence support; GDMT optimization coordination with providers; early intervention for decompensation; telephonic monitoring and follow-up; cardiac rehabilitation referral; palliative care discussion when appropriate; caregiver education and support","McAlister FA, Stewart S, Ferrua S, McMurray JJ. Multidisciplinary strategies for the management of heart failure patients at high risk for admission: a systematic review of randomized trials. J Am Coll Cardiol. 2004;44(4):810-819.",10.1016/j.jacc.2004.05.055,8.7,2021,Systematic Review,5000
PROT117,Evidence-Based Protocol for COPD Care Management by Nurse Care Managers,Asthma/COPD,Nurse Care Manager,Adults with moderate to severe COPD with history of exacerbations or hospitalizations,"COPD severity and symptom assessment (CAT, mMRC); exacerbation history and triggers; inhaler technique assessment; medication adherence assessment; smoking status and cessation readiness; oxygen use assessment; nutritional status; anxiety and depression screening; advance care planning discussions","COPD self-management education; inhaler technique training; smoking cessation support; exacerbation action plan development and education; pulmonary rehabilitation referral and support; vaccination coordination (influenza, pneumococcal); nutritional counseling; oxygen therapy management; palliative care referral when appropriate","Gibson PG, Powell H, Coughlan J, Wilson AJ, Abramson M, Haywood P, Bauman A, Hensley MJ, Walters EH. Self-management education and regular practitioner review for adults with asthma. Cochrane Database Syst Rev. 2003;(1):CD001117.",10.1002/14651858.CD001117,8.4,2020,Systematic Review,3000
PROT118,Evidence-Based Protocol for Diabetes Care Management by Nurse Care Managers,Diabetes,Nurse Care Manager,Adults with type 2 diabetes with suboptimal glycemic control (A1C >8%) or diabetes-related complications,"Diabetes control assessment (A1C, blood glucose patterns); diabetes self-management behaviors assessment; medication adherence assessment; diabetes complications screening (retinopathy, nephropathy, neuropathy, cardiovascular disease); psychosocial assessment including diabetes distress; barriers to diabetes management; health literacy assessment","Diabetes self-management education and support (DSMES); medication adherence support; lifestyle modification counseling (diet, exercise, weight management); blood glucose monitoring education; hypoglycemia prevention and management; diabetes complications prevention education; care coordination with endocrinology, ophthalmology, podiatry; mental health support and referral","Norris SL, Lau J, Smith SJ, Schmid CH, Engelgau MM. Self-management education for adults with type 2 diabetes: a meta-analysis of the effect on glycemic control. Diabetes Care. 2002;25(7):1159-1171.",10.2337/diacare.25.7.1159,8.5,2019,Meta-analysis,2500
PROT119,Evidence-Based Protocol for Post-Discharge Transitional Care by Nurse Care Managers,Transitions Support,Nurse Care Manager,"High-risk adults transitioning from hospital to home, particularly elderly with multiple chronic conditions and prior hospitalizations","Post-discharge assessment including understanding of discharge instructions, medication changes, follow-up appointments; red flag symptom assessment; functional status assessment; home environment and safety assessment; caregiver support assessment; barriers to post-discharge care","Post-discharge phone call within 24-48 hours; medication reconciliation and education; follow-up appointment scheduling and confirmation; red flag symptom education; home visit when indicated; care coordination with primary care and specialists; addressing barriers to care (transportation, medication access); caregiver education and support","Martínez-González NA, Djalali S, Tandjung R, Huber-Geismann F, Markun S, Wensing M, Rosemann T. Substitution of physicians by nurses in primary care: a systematic review and meta-analysis. BMC Health Serv Res. 2014;14:214.",10.1186/1472-6963-14-214,8.6,2021,Systematic Review and Meta-analysis,6000
PROT120,Evidence-Based Protocol for Palliative Care Coordination by Nurse Care Managers,Geriatrics,Nurse Care Manager,"Adults with serious illness (advanced cancer, end-stage organ failure, advanced dementia) and their families","Symptom assessment (pain, dyspnea, nausea, fatigue) using validated tools; functional status and prognosis assessment; goals of care and advance care planning status; psychosocial and spiritual needs assessment; caregiver burden and needs assessment; hospice eligibility assessment",Symptom management coordination; goals of care discussions facilitation; advance care planning support; palliative care and hospice referrals; care coordination across settings; psychosocial and spiritual support; caregiver education and support; bereavement support; quality of life optimization,"Peikes D, Chen A, Schore J, Brown R. Effects of care coordination on hospitalization, quality of care, and health care expenditures among Medicare beneficiaries: 15 randomized trials. JAMA. 2009;301(6):603-618.",10.1001/jama.2009.126,8.8,2020,Meta-analysis,18000
PROT121,Evidence-Based Protocol for Geriatric Care Management by Nurse Care Managers,Geriatrics,Nurse Care Manager,"Older adults (≥65 years) with multiple chronic conditions, functional limitations, or complex care needs","Comprehensive geriatric assessment including medical conditions, medications, functional status (ADLs, IADLs), cognitive function, fall risk, nutritional status, depression screening, social support, advance care planning; caregiver assessment",Individualized care plan development; medication management and deprescribing; fall prevention interventions; cognitive impairment management; care coordination across providers and settings; caregiver education and support; community resource connection; advance care planning facilitation; preventive care coordination,"Martínez-González NA, Djalali S, Tandjung R, Huber-Geismann F, Markun S, Wensing M, Rosemann T. Substitution of physicians by nurses in primary care: a systematic review and meta-analysis. BMC Health Serv Res. 2014;14:214.",10.1186/1472-6963-14-214,8.6,2019,Systematic Review and Meta-analysis,6000
PROT122,Evidence-Based Protocol for Chronic Kidney Disease Care Management by Nurse Care Managers,CKD,Nurse Care Manager,Adults with stages 3-5 chronic kidney disease (CKD) not on dialysis,"CKD stage and progression monitoring (eGFR, creatinine); proteinuria assessment; blood pressure control; diabetes control; medication review for nephrotoxic drugs and dose adjustments; cardiovascular risk assessment; anemia and bone mineral disorder screening; kidney disease knowledge and self-management assessment","CKD education and self-management support; blood pressure and diabetes management support; dietary counseling (protein, sodium, potassium, phosphorus restriction); medication management coordination; nephrology referral coordination; preparation for renal replacement therapy; cardiovascular risk reduction; anemia and bone mineral disorder management coordination","Martínez-González NA, Djalali S, Tandjung R, Huber-Geismann F, Markun S, Wensing M, Rosemann T. Substitution of physicians by nurses in primary care: a systematic review and meta-analysis. BMC Health Serv Res. 2014;14:214.",10.1186/1472-6963-14-214,8.6,2020,Systematic Review and Meta-analysis,6000
PROT123,Evidence-Based Protocol for Asthma Care Management by Nurse Care Managers,Asthma/COPD,Nurse Care Manager,"Children and adults with poorly controlled asthma (frequent symptoms, exacerbations, or ED visits)","Asthma control assessment using ACT or ACQ; exacerbation history and triggers; inhaler technique assessment; medication adherence assessment; environmental trigger assessment (allergens, tobacco smoke); asthma action plan presence and understanding; quality of life assessment",Asthma self-management education; inhaler technique training; asthma action plan development and education; trigger avoidance education; medication adherence support; peak flow monitoring education; care coordination with allergist or pulmonologist; environmental intervention support (home visits for trigger reduction),"Gibson PG, Powell H, Coughlan J, Wilson AJ, Abramson M, Haywood P, Bauman A, Hensley MJ, Walters EH. Self-management education and regular practitioner review for adults with asthma. Cochrane Database Syst Rev. 2003;(1):CD001117.",10.1002/14651858.CD001117,8.4,2019,Systematic Review,3000
PROT124,Evidence-Based Protocol for Hypertension Care Management by Nurse Care Managers,Cardiovascular,Nurse Care Manager,Adults with uncontrolled hypertension (BP ≥140/90 mmHg) in primary care settings,"Blood pressure monitoring and assessment; cardiovascular risk assessment; medication adherence assessment; lifestyle factors assessment (diet, exercise, sodium intake, alcohol, stress); barriers to hypertension management; home blood pressure monitoring capability assessment","Hypertension self-management education; home blood pressure monitoring training; lifestyle modification counseling (DASH diet, sodium restriction, exercise, weight loss, stress management); medication adherence support; care coordination with primary care provider for medication adjustments; telephonic monitoring and support","Carter BL, Rogers M, Daly J, Zheng S, James PA. The potency of team-based care interventions for hypertension: a meta-analysis. Arch Intern Med. 2009;169(19):1748-1755.",10.1001/archinternmed.2009.316,8.6,2020,Meta-analysis,3500
PROT125,Evidence-Based Protocol for Pediatric Chronic Condition Care Management by Nurse Care Managers,Pediatrics,Nurse Care Manager,"Children with complex chronic conditions (e.g., cerebral palsy, congenital heart disease, cystic fibrosis, sickle cell disease) and their families","Comprehensive assessment of medical conditions, medications, functional status, developmental status, growth and nutrition, family functioning, caregiver burden, school functioning, barriers to care, care coordination needs",Family-centered care plan development; care coordination across multiple specialists and services; medication management support; durable medical equipment coordination; school health plan coordination; family education and support; caregiver respite resource connection; transition planning (pediatric to adult care); advocacy for services,"Martínez-González NA, Djalali S, Tandjung R, Huber-Geismann F, Markun S, Wensing M, Rosemann T. Substitution of physicians by nurses in primary care: a systematic review and meta-analysis. BMC Health Serv Res. 2014;14:214.",10.1186/1472-6963-14-214,8.6,2021,Systematic Review and Meta-analysis,6000
PROT126,Evidence-Based Protocol for Telehealth Care Management by Nurse Care Managers,Chronic Disease Management,Nurse Care Manager,"Adults with chronic conditions in rural or underserved areas, or those with barriers to in-person care",Technology access and literacy assessment; chronic disease status assessment via telehealth; medication adherence assessment; barriers to care assessment; social determinants screening; patient satisfaction with telehealth; clinical appropriateness for virtual care,"Virtual care management visits via video or telephone; remote patient monitoring (blood pressure, glucose, weight, pulse oximetry); chronic disease self-management education via telehealth; medication adherence support; care coordination; triage and clinical decision-making; technology troubleshooting and support; hybrid care model (virtual + in-person when needed)","Flodgren G, Rachas A, Farmer AJ, Inzitari M, Shepperd S. Interactive telemedicine: effects on professional practice and health care outcomes. Cochrane Database Syst Rev. 2015;(9):CD002098.",10.1002/14651858.CD002098.pub2,8.5,2021,Systematic Review,5000
PROT127,Evidence-Based Protocol for Collaborative Care Management for Depression by Behavioral Health Care Managers,Mental Health,Behavioral Health Care Manager,Adults with depression (PHQ-9 ≥10) in primary care settings,Depression screening using PHQ-9; suicide risk assessment using C-SSRS or similar tool; psychiatric history and current treatment; medication adherence assessment; substance use screening; functional impairment assessment; barriers to treatment; patient preferences for treatment,"Systematic tracking and monitoring using registry; brief behavioral interventions (behavioral activation, problem-solving therapy); treatment adherence support; psychiatric consultation coordination; medication management support; psychoeducation; relapse prevention; warm handoffs to specialty mental health when needed","Archer J, Bower P, Gilbody S, Lovell K, Richards D, Gask L, Dickens C, Coventry P. Collaborative care for depression and anxiety problems. Cochrane Database Syst Rev. 2012;10:CD006525.",10.1002/14651858.CD006525.pub2,9.0,2012,Systematic Review,5000
PROT128,Evidence-Based Protocol for Anxiety Disorder Management by Behavioral Health Care Managers,Mental Health,Behavioral Health Care Manager,"Adults with anxiety disorders (GAD, panic disorder, social anxiety) in primary care settings",Anxiety screening using GAD-7; panic disorder screening using PHQ-PD; social anxiety screening; functional impairment assessment; comorbid depression screening; substance use screening; medication review; barriers to treatment,Psychoeducation about anxiety disorders; brief cognitive-behavioral interventions; relaxation and breathing techniques training; exposure therapy principles; medication adherence support; psychiatric consultation coordination; systematic symptom monitoring; relapse prevention planning,"Peikes D, Chen A, Schore J, Brown R. Effects of care coordination on hospitalization, quality of care, and health care expenditures among Medicare beneficiaries: 15 randomized trials. JAMA. 2009;301(6):603-618.",10.1001/jama.2009.126,8.8,2012,Meta-analysis,18000
PROT129,Evidence-Based Protocol for PTSD Screening and Care Management by Behavioral Health Care Managers,Mental Health,Behavioral Health Care Manager,Adults with trauma exposure and PTSD symptoms in primary care and community settings,PTSD screening using PC-PTSD-5 or PCL-5; trauma history assessment; depression and anxiety screening; substance use screening; suicide risk assessment; functional impairment assessment; social support assessment; readiness for trauma-focused treatment,"Trauma-informed care principles; psychoeducation about PTSD; grounding and coping skills training; safety planning; referral to evidence-based trauma therapy (CPT, PE, EMDR); medication management coordination; crisis intervention; care coordination with specialty mental health; peer support connection","Substance Abuse and Mental Health Services Administration. SAMHSA's Concept of Trauma and Guidance for a Trauma-Informed Approach. HHS Publication No. (SMA) 14-4884. Rockville, MD: SAMHSA; 2014.",,8.5,2014,Clinical Guideline,0
PROT130,Evidence-Based Protocol for Integrated Behavioral Health in Primary Care by Behavioral Health Care Managers,Mental Health,Behavioral Health Care Manager,Adults with mental health and substance use conditions co-occurring with chronic medical conditions in primary care,"Comprehensive mental health screening (depression, anxiety, PTSD, substance use); chronic disease assessment; medication review; functional assessment; social determinants screening; readiness for integrated treatment; patient preferences",Co-located or integrated behavioral health services; warm handoffs from primary care; brief behavioral interventions; care coordination between medical and behavioral health providers; medication management support; health behavior change interventions; chronic disease self-management support; population-based care management,"Peikes D, Chen A, Schore J, Brown R. Effects of care coordination on hospitalization, quality of care, and health care expenditures among Medicare beneficiaries: 15 randomized trials. JAMA. 2009;301(6):603-618.",10.1001/jama.2009.126,8.8,2021,Meta-analysis,18000
PROT131,Evidence-Based Protocol for Substance Use Disorder Care Management by Behavioral Health Care Managers,Substance Use,Behavioral Health Care Manager,"Adults with substance use disorders (alcohol, opioids, stimulants) in primary care and community settings","Substance use screening using AUDIT, DAST-10, or TAPS; substance use disorder severity assessment; readiness to change assessment (stages of change); mental health screening; medical complications assessment; social support and barriers assessment; treatment history",Motivational interviewing; brief interventions; referral to treatment (SBIRT); medication for addiction treatment (MAT) coordination; relapse prevention planning; peer recovery specialist connection; harm reduction strategies; care coordination with addiction treatment providers; family support and education,"Peikes D, Chen A, Schore J, Brown R. Effects of care coordination on hospitalization, quality of care, and health care expenditures among Medicare beneficiaries: 15 randomized trials. JAMA. 2009;301(6):603-618.",10.1001/jama.2009.126,8.8,2020,Meta-analysis,18000
PROT132,Evidence-Based Protocol for Perinatal Mental Health Care Management by Behavioral Health Care Managers,Maternal Health,Behavioral Health Care Manager,"Pregnant and postpartum women with depression, anxiety, or other mental health conditions",Perinatal depression screening using EPDS; anxiety screening; trauma history and PTSD screening; substance use screening; suicide risk assessment; social support assessment; intimate partner violence screening; barriers to treatment; infant bonding assessment,Perinatal mental health education; brief behavioral interventions adapted for perinatal period; medication management coordination (safety in pregnancy/breastfeeding); psychiatric consultation; care coordination with OB/GYN and pediatrics; social support connection; home visiting program coordination; infant mental health support,"Dennis CL, Dowswell T. Psychosocial and psychological interventions for preventing postpartum depression. Cochrane Database Syst Rev. 2013;(2):CD001134.",10.1002/14651858.CD001134.pub3,8.8,2021,Systematic Review,7000
PROT133,Evidence-Based Protocol for Serious Mental Illness Care Coordination by Behavioral Health Care Managers,Mental Health,Behavioral Health Care Manager,"Adults with serious mental illness (schizophrenia, bipolar disorder, major depression with psychosis) in community mental health settings",Psychiatric symptom assessment; medication adherence assessment; side effect monitoring; functional assessment; housing and employment status; social support assessment; medical comorbidity screening; substance use screening; crisis risk assessment,Assertive community treatment (ACT) or intensive case management; medication adherence support; psychiatric appointment coordination; crisis intervention and hospitalization prevention; medical care coordination; supported employment and housing coordination; family psychoeducation; peer support connection; wellness and recovery planning,"Peikes D, Chen A, Schore J, Brown R. Effects of care coordination on hospitalization, quality of care, and health care expenditures among Medicare beneficiaries: 15 randomized trials. JAMA. 2009;301(6):603-618.",10.1001/jama.2009.126,8.8,2019,Meta-analysis,18000
PROT134,Evidence-Based Protocol for Adolescent Mental Health Care Management by Behavioral Health Care Managers,Pediatrics,Behavioral Health Care Manager,"Adolescents (ages 12-18) with depression, anxiety, or behavioral health concerns in primary care and school-based settings",Depression screening using PHQ-A; anxiety screening using GAD-7; suicide risk assessment; trauma screening; substance use screening; ADHD and behavioral disorder screening; school functioning assessment; family functioning assessment; peer relationships assessment,Adolescent-adapted brief interventions; psychoeducation for youth and families; behavioral activation; coping skills training; family engagement; school-based mental health coordination; psychiatric consultation; medication management support; crisis intervention; transition planning to adult services,"Peikes D, Chen A, Schore J, Brown R. Effects of care coordination on hospitalization, quality of care, and health care expenditures among Medicare beneficiaries: 15 randomized trials. JAMA. 2009;301(6):603-618.",10.1001/jama.2009.126,8.8,2020,Meta-analysis,18000
PROT135,Evidence-Based Protocol for Chronic Pain and Behavioral Health Integration by Behavioral Health Care Managers,Chronic Disease Management,Behavioral Health Care Manager,"Adults with chronic pain and comorbid mental health conditions (depression, anxiety, PTSD)",Pain assessment using Brief Pain Inventory; functional impairment assessment; depression and anxiety screening; PTSD screening; substance use and opioid misuse risk assessment; pain catastrophizing assessment; sleep assessment; readiness for behavioral pain management,Cognitive-behavioral therapy for chronic pain (CBT-CP); acceptance and commitment therapy (ACT) for pain; mindfulness-based stress reduction; pain self-management education; opioid tapering support; non-pharmacologic pain management strategies; care coordination with pain management and primary care; psychiatric medication management for comorbid conditions,"Woltmann E, Grogan-Kaylor A, Perron B, Georges H, Kilbourne AM, Bauer MS. Comparative effectiveness of collaborative chronic care models for mental health conditions across primary, specialty, and behavioral health care settings: systematic review and meta-analysis. Am J Psychiatry. 2012;169(8):790-804.",10.1176/appi.ajp.2012.11111616,9.0,2019,Systematic Review and Meta-analysis,11000
PROT136,Evidence-Based Protocol for Suicide Prevention Care Management by Behavioral Health Care Managers,Mental Health,Behavioral Health Care Manager,"Adults at elevated suicide risk in primary care, emergency departments, and community settings",Suicide risk assessment using C-SSRS or similar validated tool; mental health disorder assessment; substance use assessment; access to lethal means assessment; protective factors assessment; prior suicide attempts; social support assessment; barriers to treatment,"Safety planning intervention; lethal means counseling and restriction; crisis resource connection (988 Suicide & Crisis Lifeline); brief interventions (CAMS, DBT skills); intensive follow-up contact (caring contacts, phone calls); psychiatric consultation and medication management; care coordination; family psychoeducation; peer support connection","Peikes D, Chen A, Schore J, Brown R. Effects of care coordination on hospitalization, quality of care, and health care expenditures among Medicare beneficiaries: 15 randomized trials. JAMA. 2009;301(6):603-618.",10.1001/jama.2009.126,8.8,2021,Meta-analysis,18000
PROT137,Evidence-Based Protocol for Continuous Labor Support by Doulas,Maternal Health,Doula,Pregnant women in labor in hospital and birth center settings,Labor progress assessment (non-clinical observation); pain and coping assessment; emotional state assessment; support needs assessment; birth preferences review; partner/family support assessment,"Continuous labor support and presence; comfort measures (positioning, massage, breathing techniques, hydrotherapy); emotional support and encouragement; information provision; advocacy and communication facilitation with medical team; partner/family support and coaching; birth preference support","Bohren MA, Hofmeyr GJ, Sakala C, Fukuzawa RK, Cuthbert A. Continuous support for women during childbirth. Cochrane Database Syst Rev. 2017;7:CD003766.",10.1002/14651858.CD003766.pub6,9.3,2017,Systematic Review,15000
PROT138,Evidence-Based Protocol for Prenatal Education and Birth Planning by Doulas,Maternal Health,Doula,"Pregnant women, particularly first-time mothers and those in underserved communities",Pregnancy knowledge and education needs assessment; birth preferences and values assessment; fears and concerns assessment; social support assessment; cultural beliefs and practices assessment; access to prenatal care assessment,"Prenatal education (labor stages, pain management options, medical interventions, postpartum care); birth plan development; childbirth preparation classes; prenatal visits and relationship building; resource connection (prenatal care, WIC, childbirth classes); partner/family education; cultural advocacy","Bohren MA, Hofmeyr GJ, Sakala C, Fukuzawa RK, Cuthbert A. Continuous support for women during childbirth. Cochrane Database Syst Rev. 2017;7:CD003766.",10.1002/14651858.CD003766.pub6,9.3,2019,Systematic Review,15000
PROT139,Evidence-Based Protocol for Postpartum Support by Doulas,Maternal Health,Doula,"Postpartum women and newborns, particularly those at risk for postpartum complications or with limited social support",Postpartum recovery assessment; breastfeeding assessment; newborn care knowledge assessment; maternal mental health screening (EPDS); social support assessment; household needs assessment; warning signs knowledge assessment,"Postpartum home visits; breastfeeding support and education; newborn care education (bathing, diapering, sleep safety, feeding cues); maternal self-care education; emotional support; household assistance; postpartum warning signs education; resource connection; partner/family support; postpartum depression screening and referral","Bohren MA, Hofmeyr GJ, Sakala C, Fukuzawa RK, Cuthbert A. Continuous support for women during childbirth. Cochrane Database Syst Rev. 2017;7:CD003766.",10.1002/14651858.CD003766.pub6,9.3,2020,Systematic Review,15000
PROT140,Evidence-Based Protocol for Breastfeeding Support by Doulas,Maternal Health,Doula,Pregnant and postpartum women planning to breastfeed or experiencing breastfeeding challenges,Breastfeeding intentions and goals assessment; breastfeeding knowledge assessment; latch and positioning assessment; milk supply concerns assessment; barriers to breastfeeding assessment; support system assessment; cultural beliefs about breastfeeding,"Prenatal breastfeeding education; immediate postpartum breastfeeding support; latch and positioning assistance; breastfeeding problem-solving (sore nipples, engorgement, low milk supply concerns); pumping and milk storage education; returning to work/school support; lactation consultant referral when needed; emotional support and encouragement","Bohren MA, Hofmeyr GJ, Sakala C, Fukuzawa RK, Cuthbert A. Continuous support for women during childbirth. Cochrane Database Syst Rev. 2017;7:CD003766.",10.1002/14651858.CD003766.pub6,9.3,2018,Systematic Review,15000
PROT141,Evidence-Based Protocol for Supporting Adolescent Mothers by Doulas,Pediatrics,Doula,Pregnant and parenting adolescents (ages 13-19),Developmental and maturity assessment; pregnancy and parenting knowledge assessment; social support assessment; educational and vocational goals assessment; mental health screening; intimate partner violence screening; housing and financial stability assessment,"Developmentally appropriate prenatal and postpartum education; continuous labor support; parenting skills education; goal-setting and life planning support; social support building; resource connection (WIC, housing, education, childcare); mental health support and referral; family engagement when appropriate; advocacy","Bohren MA, Hofmeyr GJ, Sakala C, Fukuzawa RK, Cuthbert A. Continuous support for women during childbirth. Cochrane Database Syst Rev. 2017;7:CD003766.",10.1002/14651858.CD003766.pub6,9.3,2019,Systematic Review,15000
PROT142,Evidence-Based Protocol for Supporting High-Risk Pregnancies by Doulas,Maternal Health,Doula,"Women with high-risk pregnancies (gestational diabetes, hypertension, preterm labor risk, multiple gestation, advanced maternal age)",Understanding of high-risk condition and medical plan; emotional response to high-risk diagnosis; support needs assessment; barriers to prenatal care and treatment adherence; stress and anxiety assessment; social support assessment,Emotional support and reassurance; education about high-risk condition (non-clinical); prenatal care attendance support; treatment adherence support; stress reduction techniques; birth planning adapted to high-risk status; communication facilitation with medical team; partner/family support; resource connection; postpartum support adapted to needs,"Bohren MA, Hofmeyr GJ, Sakala C, Fukuzawa RK, Cuthbert A. Continuous support for women during childbirth. Cochrane Database Syst Rev. 2017;7:CD003766.",10.1002/14651858.CD003766.pub6,9.3,2020,Systematic Review,15000
PROT143,Evidence-Based Protocol for Culturally Responsive Doula Care,Maternal Health,Doula,"Pregnant and postpartum women from diverse cultural backgrounds, particularly immigrant and refugee communities","Cultural beliefs and practices about pregnancy, birth, and postpartum; language preferences and needs; traditional practices and preferences; family structure and decision-making; cultural dietary practices; immigration status and related concerns; experiences of discrimination",Culturally tailored prenatal and postpartum education; language-concordant support or interpretation coordination; incorporation of cultural practices when safe and desired; cultural advocacy with medical team; addressing cultural conflicts or misunderstandings; community resource connection; addressing immigration-related barriers; culturally appropriate nutrition counseling,"Bohren MA, Hofmeyr GJ, Sakala C, Fukuzawa RK, Cuthbert A. Continuous support for women during childbirth. Cochrane Database Syst Rev. 2017;7:CD003766.",10.1002/14651858.CD003766.pub6,9.3,2017,Systematic Review,15000
PROT144,Evidence-Based Protocol for Supporting Cesarean Birth and Recovery by Doulas,Maternal Health,Doula,Women having planned or unplanned cesarean births,Understanding of cesarean indication and procedure; emotional response to cesarean (especially if unplanned); support needs assessment; birth preferences within cesarean context; postoperative recovery knowledge; breastfeeding intentions; social support for recovery,"Emotional support before, during, and after cesarean; education about cesarean procedure and recovery; birth preference advocacy within cesarean context (e.g., gentle cesarean options); support during cesarean when permitted; immediate postpartum support; cesarean recovery education; breastfeeding support after cesarean; pain management education; scar care education; emotional processing of birth experience","Bohren MA, Hofmeyr GJ, Sakala C, Fukuzawa RK, Cuthbert A. Continuous support for women during childbirth. Cochrane Database Syst Rev. 2017;7:CD003766.",10.1002/14651858.CD003766.pub6,9.3,2017,Systematic Review,15000
PROT145,Evidence-Based Protocol for Peer Support for Opioid Use Disorder Recovery by Peer Recovery Specialists,Substance Use,Peer Recovery Specialist,Adults with opioid use disorder in medication-assisted treatment (MAT) programs and recovery,Recovery stage and goals assessment; treatment engagement and adherence assessment; barriers to recovery assessment; social support assessment; housing and employment status; relapse risk assessment; peer support needs and preferences,Peer mentorship and support; sharing lived experience of opioid recovery; MAT adherence support; recovery goal-setting and planning; coping skills and relapse prevention support; recovery community connection; mutual aid group facilitation; addressing stigma; crisis support; celebrating recovery milestones,"Eddie D, Hoffman L, Vilsaint C, Abry A, Bergman B, Hoeppner B, Weinstein C, Kelly JF. Lived experience in new models of care for substance use disorder: A systematic review of peer recovery support services and recovery coaching. Front Psychol. 2019;10:1052.",10.3389/fpsyg.2019.01052,8.5,2019,Systematic Review,5000
PROT146,Evidence-Based Protocol for Peer Support for Mental Health Recovery by Peer Recovery Specialists,Mental Health,Peer Recovery Specialist,"Adults with serious mental illness (schizophrenia, bipolar disorder, major depression) in community mental health settings",Recovery stage and goals assessment; psychiatric symptom and functioning assessment; medication adherence assessment; social support and isolation assessment; employment and housing status; wellness and self-care practices; hope and empowerment assessment,Peer support and mentorship; sharing lived experience of mental health recovery; wellness and recovery action planning (WRAP); medication adherence support; social connection and community integration; employment and education support; crisis planning and support; self-advocacy skills building; hope and empowerment promotion,"Eddie D, Hoffman L, Vilsaint C, Abry A, Bergman B, Hoeppner B, Weinstein C, Kelly JF. Lived experience in new models of care for substance use disorder: A systematic review of peer recovery support services and recovery coaching. Front Psychol. 2019;10:1052.",10.3389/fpsyg.2019.01052,8.5,2019,Systematic Review,5000
PROT147,Evidence-Based Protocol for Peer Recovery Support in Emergency Departments by Peer Recovery Specialists,Substance Use,Peer Recovery Specialist,Adults presenting to emergency departments with substance use-related concerns or overdoses,Immediate needs and safety assessment; readiness for treatment assessment; prior treatment history; barriers to treatment engagement; social support assessment; housing and basic needs assessment; overdose risk assessment,Peer engagement and rapport building in ED; motivational support for treatment; warm handoff to treatment services; naloxone distribution and education; recovery resource information; follow-up contact and support; addressing stigma and shame; hope and possibility messaging; crisis support,"Eddie D, Hoffman L, Vilsaint C, Abry A, Bergman B, Hoeppner B, Weinstein C, Kelly JF. Lived experience in new models of care for substance use disorder: A systematic review of peer recovery support services and recovery coaching. Front Psychol. 2019;10:1052.",10.3389/fpsyg.2019.01052,8.5,2021,Systematic Review,5000
PROT148,Evidence-Based Protocol for Peer Recovery Support for Co-Occurring Disorders by Peer Recovery Specialists,Mental Health,Peer Recovery Specialist,Adults with co-occurring mental health and substance use disorders,Mental health and substance use assessment; integrated treatment engagement; medication adherence for both conditions; social support and housing; employment status; recovery goals for both conditions; barriers to integrated treatment,Peer support for integrated recovery; sharing lived experience of co-occurring disorder recovery; integrated treatment engagement support; medication adherence support; dual recovery mutual aid connection; wellness and recovery planning; crisis support; addressing stigma; social connection and community integration,"Eddie D, Hoffman L, Vilsaint C, Abry A, Bergman B, Hoeppner B, Weinstein C, Kelly JF. Lived experience in new models of care for substance use disorder: A systematic review of peer recovery support services and recovery coaching. Front Psychol. 2019;10:1052.",10.3389/fpsyg.2019.01052,8.5,2019,Systematic Review,5000
PROT149,Evidence-Based Protocol for Peer Recovery Support for Criminal Justice-Involved Individuals by Peer Recovery Specialists,Substance Use,Peer Recovery Specialist,"Adults with substance use disorders involved in criminal justice system (jail, prison, probation, drug court)",Criminal justice status and requirements; substance use and treatment history; reentry needs and barriers; housing and employment barriers; family and social support; trauma history; motivation for recovery; legal obligations,"Peer support during incarceration and reentry; treatment linkage and engagement; recovery planning; addressing reentry barriers (housing, employment, ID, benefits); family reunification support; criminal justice system navigation; drug court support; trauma-informed peer support; building pro-social supports","Eddie D, Hoffman L, Vilsaint C, Abry A, Bergman B, Hoeppner B, Weinstein C, Kelly JF. Lived experience in new models of care for substance use disorder: A systematic review of peer recovery support services and recovery coaching. Front Psychol. 2019;10:1052.",10.3389/fpsyg.2019.01052,8.5,2019,Systematic Review,5000
PROT150,Evidence-Based Protocol for Peer Recovery Support for Pregnant and Parenting Women by Peer Recovery Specialists,Maternal Health,Peer Recovery Specialist,Pregnant and parenting women with substance use disorders,Substance use and recovery status; prenatal care engagement; parenting needs and child welfare involvement; housing and safety; mental health and trauma; social support; barriers to treatment and recovery; infant health and development,Peer support for recovery during pregnancy and parenting; prenatal care engagement support; treatment retention support; parenting skills support; child welfare system navigation; trauma-informed peer support; mother-infant bonding support; addressing shame and stigma; recovery community connection; family preservation support,"Eddie D, Hoffman L, Vilsaint C, Abry A, Bergman B, Hoeppner B, Weinstein C, Kelly JF. Lived experience in new models of care for substance use disorder: A systematic review of peer recovery support services and recovery coaching. Front Psychol. 2019;10:1052.",10.3389/fpsyg.2019.01052,8.5,2020,Systematic Review,5000
PROT151,Evidence-Based Protocol for Peer Recovery Support for Youth and Young Adults by Peer Recovery Specialists,Substance Use,Peer Recovery Specialist,Youth and young adults (ages 16-25) with substance use disorders,Substance use patterns and severity; educational and vocational status; family relationships and support; peer influences; mental health and trauma; housing stability; legal involvement; developmental needs; recovery readiness,Developmentally appropriate peer support; sharing lived experience of young adult recovery; treatment engagement support; educational and vocational goal support; healthy peer relationship building; family relationship support; recovery-oriented activities; addressing stigma; crisis support; transition to adult services support,"Eddie D, Hoffman L, Vilsaint C, Abry A, Bergman B, Hoeppner B, Weinstein C, Kelly JF. Lived experience in new models of care for substance use disorder: A systematic review of peer recovery support services and recovery coaching. Front Psychol. 2019;10:1052.",10.3389/fpsyg.2019.01052,8.5,2021,Systematic Review,5000
PROT152,Evidence-Based Protocol for Peer-Led Mutual Aid and Recovery Support Groups by Peer Recovery Specialists,Substance Use,Peer Recovery Specialist,Adults in recovery from substance use disorders seeking peer support and community,Recovery stage and needs; mutual aid experience and preferences; social support and isolation; recovery goals; barriers to mutual aid participation; cultural and linguistic needs; transportation and accessibility needs,"Facilitation of peer-led recovery support groups; mutual aid meeting facilitation (SMART Recovery, Refuge Recovery, etc.); recovery topic education; sharing recovery stories; group cohesion building; recovery community building; addressing barriers to participation; cultural adaptation of groups; virtual and in-person options; recovery celebration","Eddie D, Hoffman L, Vilsaint C, Abry A, Bergman B, Hoeppner B, Weinstein C, Kelly JF. Lived experience in new models of care for substance use disorder: A systematic review of peer recovery support services and recovery coaching. Front Psychol. 2019;10:1052.",10.3389/fpsyg.2019.01052,8.5,2019,Systematic Review,5000
